category,title,hit,top1
Insurance,RUBIOSRESTAURANTSINC_03_31_2008-EX-10.75-SPONSORSHIP AGREEMENT,False,False
Ip Ownership Assignment,INTERNATIONALFASTFOODCORP_04_04_1997-EX-99-FRANCHISE AGREEMENT,False,False
Revenue/Profit Sharing,PlayboyEnterprisesInc_20090220_10-QA_EX-10.2_4091580_EX-10.2_Content License Agreement_ Marketing Agreement_ Sales-Purchase Agreement1,False,False
Expiration Date,GpaqAcquisitionHoldingsInc_20200123_S-4A_EX-10.6_11951677_EX-10.6_License Agreement,True,True
Parties,SONUSCORP_03_12_1997-EX-10.11-SPONSORSHIP AGREEMENT,False,False
Document Name,BloomEnergyCorp_20180321_DRSA (on S-1)_EX-10_11240356_EX-10_Maintenance Agreement,False,False
Rofr/Rofo/Rofn,BIOCEPTINC_08_19_2013-EX-10-COLLABORATION AGREEMENT,True,True
Governing Law,"BLUEROCKRESIDENTIALGROWTHREIT,INC_06_01_2016-EX-1.1-AGENCY AGREEMENT",False,False
Anti-Assignment,CORIOINC_07_20_2000-EX-10.5-LICENSE AND HOSTING AGREEMENT,True,True
Cap On Liability,VerizonAbsLlc_20200123_8-K_EX-10.4_11952335_EX-10.4_Service Agreement,False,False
License Grant,KitovPharmaLtd_20190326_20-F_EX-4.15_11584449_EX-4.15_Manufacturing Agreement,True,True
Liquidated Damages,UsioInc_20040428_SB-2_EX-10.11_1723988_EX-10.11_Affiliate Agreement 2,True,False
Rofr/Rofo/Rofn,"ROCKYMOUNTAINCHOCOLATEFACTORY,INC_12_23_2019-EX-10.2-STRATEGIC ALLIANCE AGREEMENT",False,False
Most Favored Nation,ENTRUSTINC_07_24_1998-EX-10.5-STRATEGIC ALLIANCE AGREEMENT,True,True
Governing Law,ExactSciencesCorp_20180822_8-K_EX-10.1_11331629_EX-10.1_Promotion Agreement,True,True
Change Of Control,"Columbia Laboratories, (Bermuda) Ltd. - AMEND NO. 2 TO MANUFACTURING AND SUPPLY AGREEMENT",True,False
Cap On Liability,"VISIUMTECHNOLOGIES,INC_10_20_2004-EX-10.20-DISTRIBUTOR AGREEMENT",False,False
Parties,CoherusBiosciencesInc_20200227_10-K_EX-10.29_12021376_EX-10.29_Development Agreement,False,False
Affiliate License-Licensee,N2KINC_10_16_1997-EX-10.16-SPONSORSHIP AGREEMENT,True,False
Governing Law,IVILLAGEINC_03_17_1999-EX-10.16-SPONSORSHIP AGREEMENT,True,False
Rofr/Rofo/Rofn,ORBSATCORP_08_17_2007-EX-7.3-STRATEGIC ALLIANCE AGREEMENT,False,False
Rofr/Rofo/Rofn,"VNUE,INC_07_10_2015-EX-10.1-SPONSORSHIP AGREEMENT",False,False
Audit Rights,PHLVARIABLEINSURANCECOCT_08_17_2009-EX-10.1-STRATEGIC ALLIANCE AGREEMENT,False,False
Ip Ownership Assignment,ConformisInc_20191101_10-Q_EX-10.6_11861402_EX-10.6_Development Agreement,False,False
Cap On Liability,PapaJohnsInternationalInc_20190617_8-K_EX-10.1_11707365_EX-10.1_Endorsement Agreement,True,False
Expiration Date,BLUEFLYINC_03_27_2002-EX-10.27-e-business Hosting Agreement,True,True
Joint Ip Ownership,Microgenics Corporation - Collaborative Development and Commercialization Agreement,False,False
License Grant,"HALITRON,INC_03_01_2005-EX-10.15-SPONSORSHIP AND DEVELOPMENT AGREEMENT",False,False
Uncapped Liability,CoherusBiosciencesInc_20200227_10-K_EX-10.29_12021376_EX-10.29_Development Agreement,True,True
Rofr/Rofo/Rofn,PlayboyEnterprisesInc_20090220_10-QA_EX-10.2_4091580_EX-10.2_Content License Agreement_ Marketing Agreement_ Sales-Purchase Agreement1,False,False
License Grant,CybergyHoldingsInc_20140520_10-Q_EX-10.27_8605784_EX-10.27_Affiliate Agreement,True,True
Parties,"ADUROBIOTECH,INC_06_02_2020-EX-10.7-CONSULTING AGREEMENT",False,False
Affiliate License-Licensor,"OTISWORLDWIDECORP_04_03_2020-EX-10.4-INTELLECTUAL PROPERTY AGREEMENT by and among UNITED TECHNOLOGIES CORPORATION, OTIS WORLDWIDE CORPORATION and CARRIER ~1",False,False
Parties,WPPPLC_04_30_2020-EX-4.28-SERVICE AGREEMENT,True,False
Non-Transferable License,CORIOINC_07_20_2000-EX-10.5-LICENSE AND HOSTING AGREEMENT,False,False
Renewal Term,RemarkHoldingsInc_20081114_10-Q_EX-10.24_2895649_EX-10.24_Content License Agreement,False,False
Revenue/Profit Sharing,VertexEnergyInc_20200113_8-K_EX-10.1_11943624_EX-10.1_Marketing Agreement,True,True
Parties,RangeResourcesLouisianaInc_20150417_8-K_EX-10.5_9045501_EX-10.5_Transportation Agreement,True,False
Document Name,PROLONGINTERNATIONALCORP_03_23_1998-EX-10.16-SPONSORSHIP AGREEMENT,True,False
Document Name,CHINARECYCLINGENERGYCORP_11_14_2013-EX-10.6-Cooperation Agreement,False,False
Irrevocable Or Perpetual License,CardlyticsInc_20180112_S-1_EX-10.16_11002987_EX-10.16_Maintenance Agreement1,False,False
Covenant Not To Sue,MRSFIELDSORIGINALCOOKIESINC_01_29_1998-EX-10-FRANCHISE AGREEMENT,False,False
Revenue/Profit Sharing,VirtuosoSurgicalInc_20191227_1-A_EX1A-6 MAT CTRCT_11933379_EX1A-6 MAT CTRCT_License Agreement,False,False
Rofr/Rofo/Rofn,AIRTECHINTERNATIONALGROUPINC_05_08_2000-EX-10.4-FRANCHISE AGREEMENT,True,True
Audit Rights,PfHospitalityGroupInc_20150923_10-12G_EX-10.1_9266710_EX-10.1_Franchise Agreement1,False,False
Irrevocable Or Perpetual License,ADAPTIMMUNETHERAPEUTICSPLC_04_06_2017-EX-10.11-STRATEGIC ALLIANCE AGREEMENT,True,True
Parties,"THERAVANCEBIOPHARMA,INC_05_08_2020-EX-10.2-SERVICE AGREEMENT",False,False
Warranty Duration,ClickstreamCorp_20200330_1-A_EX1A-6 MAT CTRCT_12089935_EX1A-6 MAT CTRCT_Development Agreement,False,False
Effective Date,DataCallTechnologies_20060918_SB-2A_EX-10.9_944510_EX-10.9_Content License Agreement,True,True
Cap On Liability,AFSALABANCORPINC_08_01_1996-EX-1.1-AGENCY AGREEMENT,False,False
Agreement Date,WOMENSGOLFUNLIMITEDINC_03_29_2000-EX-10.13-ENDORSEMENT AGREEMENT,False,False
Parties,"TALLGRASSENERGY,LP_02_20_2020-EX-99.26-JOINT FILING AGREEMENT",True,False
Parties,"Zounds Hearing, Inc. - MANUFACTURING DESIGN MARKETING AGREEMENT",False,False
Renewal Term,CHIPMOSTECHNOLOGIESBERMUDALTD_04_18_2016-EX-4.72-Strategic Alliance Agreement,True,False
Anti-Assignment,UAGHINC_04_14_2004-EX-10.18-MAINTENANCE AGREEMENT,True,False
Post-Termination Services,2ThemartComInc_19990826_10-12G_EX-10.10_6700288_EX-10.10_Co-Branding Agreement_ Agency Agreement,True,True
Non-Transferable License,HarpoonTherapeuticsInc_20200312_10-K_EX-10.18_12051356_EX-10.18_Development Agreement,False,False
Liquidated Damages,MOSSIMOINC_04_14_2000-EX-10.14-ENDORSEMENT AGREEMENT,False,False
Notice Period To Terminate Renewal,STWRESOURCESHOLDINGCORP_08_06_2014-EX-10.1-COOPERATION AGREEMENT,True,False
Third Party Beneficiary,"SUCAMPOPHARMACEUTICALS,INC_11_04_2015-EX-10.2-STRATEGIC ALLIANCE AGREEMENT",True,True
Governing Law,ACCELERATEDTECHNOLOGIESHOLDINGCORP_04_24_2003-EX-10.13-JOINT VENTURE AGREEMENT,True,False
Non-Transferable License,FuelcellEnergyInc_20191106_8-K_EX-10.1_11868007_EX-10.1_Development Agreement,False,False
Document Name,"PAXMEDICA,INC_07_02_2020-EX-10.12-Master Service Agreement",False,False
Parties,QuantumGroupIncFl_20090120_8-K_EX-99.2_3672910_EX-99.2_Hosting Agreement,True,False
License Grant,"FIDELITYNATIONALINFORMATIONSERVICES,INC_08_05_2009-EX-10.3-INTELLECTUAL PROPERTY AGREEMENT",False,False
Document Name,EtonPharmaceuticalsInc_20191114_10-Q_EX-10.1_11893941_EX-10.1_Development Agreement,True,True
Exclusivity,LegacyEducationAllianceInc_20200330_10-K_EX-10.18_12090678_EX-10.18_Development Agreement,False,False
Cap On Liability,NEONSYSTEMSINC_03_01_1999-EX-10.5-DISTRIBUTOR AGREEMENT_New,True,True
Ip Ownership Assignment,ArmstrongFlooringInc_20190107_8-K_EX-10.2_11471795_EX-10.2_Intellectual Property Agreement,True,False
Cap On Liability,BloomEnergyCorp_20180321_DRSA (on S-1)_EX-10_11240356_EX-10_Maintenance Agreement,False,False
Covenant Not To Sue,SUNTRONCORP_05_17_2006-EX-10.22-MAINTENANCE AGREEMENT,False,False
Termination For Convenience,EUROPEANMICROHOLDINGSINC_03_06_1998-EX-10.6-DISTRIBUTOR AGREEMENT,False,False
Affiliate License-Licensee,HOLIDAYRVSUPERSTORESINC_04_15_2002-EX-10.13-ENDORSEMENT AGREEMENT,False,False
Third Party Beneficiary,OLDAPIWIND-DOWNLTD_01_08_2016-EX-1.3-AGENCY AGREEMENT1,True,False
Insurance,PerformanceSportsBrandsInc_20110909_S-1_EX-10.10_7220214_EX-10.10_Endorsement Agreement,True,True
Non-Transferable License,HEALTHGATEDATACORP_11_24_1999-EX-10.1-HOSTING AND MANAGEMENT AGREEMENT (1),False,False
Rofr/Rofo/Rofn,"VIRTUALSCOPICS,INC_11_12_2010-EX-10.1-STRATEGIC ALLIANCE AGREEMENT",True,False
Expiration Date,PFSFUNDS_06_26_2020-EX-99.H OTH MAT CONT-SERVICES AGREEMENT,True,True
Parties,AIRTECHINTERNATIONALGROUPINC_05_08_2000-EX-10.4-FRANCHISE AGREEMENT,False,False
Post-Termination Services,TEARDROPGOLFCO_10_23_1996-EX-10.12-ENDORSEMENT AGREEMENT,False,False
Effective Date,"GIGGLESN_HUGS,INC_06_23_2016-EX-10.2-STRATEGIC ALLIANCE AGREEMENT",True,True
Expiration Date,LOOKSMARTLTD_07_20_2012-EX-99.(D)(I)-SPONSORSHIP AGREEMENT,True,True
Revenue/Profit Sharing,VirtuosoSurgicalInc_20191227_1-A_EX1A-6 MAT CTRCT_11933379_EX1A-6 MAT CTRCT_License Agreement,False,False
License Grant,BloomEnergyCorp_20180321_DRSA (on S-1)_EX-10_11240356_EX-10_Maintenance Agreement,False,False
License Grant,NEOMEDIATECHNOLOGIESINC_12_15_2005-EX-16.1-DISTRIBUTOR AGREEMENT,False,False
Cap On Liability,CHANGEPOINTCORP_03_08_2000-EX-10.6-LICENSE AND HOSTING AGREEMENT,False,False
Insurance,"MetLife, Inc. - Remarketing Agreement",False,False
Minimum Commitment,GluMobileInc_20070319_S-1A_EX-10.09_436630_EX-10.09_Content License Agreement1,False,False
Insurance,PfHospitalityGroupInc_20150923_10-12G_EX-10.1_9266710_EX-10.1_Franchise Agreement1,False,False
Agreement Date,"NETGEAR,INC_04_21_2003-EX-10.16-AMENDMENT TO THE DISTRIBUTOR AGREEMENT BETWEEN INGRAM MICRO AND NETGEAR",False,False
Cap On Liability,VERTICALNETINC_04_01_2002-EX-10.19-MAINTENANCE AND SUPPORT AGREEMENT,False,False
Parties,LEJUHOLDINGSLTD_03_12_2014-EX-10.34-INTERNET CHANNEL COOPERATION AGREEMENT,False,False
Post-Termination Services,"FOUNDATIONMEDICINE,INC_02_02_2015-EX-10.2-Collaboration Agreement",False,False
License Grant,PREMIERBIOMEDICALINC_05_14_2020-EX-10.2-INTELLECTUAL PROPERTY AGREEMENT,False,False
Rofr/Rofo/Rofn,LinkPlusCorp_20050802_8-K_EX-10_3240252_EX-10_Affiliate Agreement,False,False
Document Name,AIRSPANNETWORKSINC_04_11_2000-EX-10.5-Distributor Agreement,False,False
Parties,CHIPMOSTECHNOLOGIESBERMUDALTD_04_18_2016-EX-4.72-Strategic Alliance Agreement,True,False
Insurance,BellringBrandsInc_20190920_S-1_EX-10.12_11817081_EX-10.12_Manufacturing Agreement1,False,False
Non-Transferable License,DIVERSINETCORP_03_01_2012-EX-4-RESELLER AGREEMENT,False,False
Anti-Assignment,WebmdHealthCorp_20050908_S-1A_EX-10.7_1027007_EX-10.7_Content License Agreement,True,True
Anti-Assignment,PhasebioPharmaceuticalsInc_20200330_10-K_EX-10.21_12086810_EX-10.21_Development Agreement,False,False
Audit Rights,UpjohnInc_20200121_10-12G_EX-2.6_11948692_EX-2.6_Manufacturing Agreement_ Supply Agreement,False,False
Parties,PhoenixNewMediaLtd_20110421_F-1_EX-10.17_6958322_EX-10.17_Content License Agreement,False,False
Termination For Convenience,NEXSTARFINANCEHOLDINGSINC_03_27_2002-EX-10.26-OUTSOURCING AGREEMENT,True,False
Anti-Assignment,ConformisInc_20191101_10-Q_EX-10.6_11861402_EX-10.6_Development Agreement,True,False
Warranty Duration,FIBROGENINC_10_01_2014-EX-10.11-COLLABORATION AGREEMENT,False,False
Volume Restriction,PerformanceSportsBrandsInc_20110909_S-1_EX-10.10_7220214_EX-10.10_Endorsement Agreement,False,False
Parties,SPHERE3DCORP_06_24_2020-EX-10.12-CONSULTING AGREEMENT,False,False
Expiration Date,MANUFACTURERSSERVICESLTD_06_05_2000-EX-10.14-OUTSOURCING AGREEMENT,False,False
Effective Date,"GSITECHNOLOGYINC_11_16_2009-EX-10.2-INTELLECTUAL PROPERTY AGREEMENT between SONY ELECTRONICS INC. and GSI TECHNOLOGY, INC.",True,False
Revenue/Profit Sharing,GluMobileInc_20070319_S-1A_EX-10.09_436630_EX-10.09_Content License Agreement1,False,False
Parties,AimmuneTherapeuticsInc_20200205_8-K_EX-10.3_11967170_EX-10.3_Development Agreement,True,False
Uncapped Liability,ACCURAYINC_09_01_2010-EX-10.31-DISTRIBUTOR AGREEMENT,True,False
Expiration Date,AIRTECHINTERNATIONALGROUPINC_05_08_2000-EX-10.4-FRANCHISE AGREEMENT,True,True
Notice Period To Terminate Renewal,"VAPOTHERM, INC. - Manufacturing and Supply Agreement",True,False
Agreement Date,"INTELLIGENTHIGHWAYSOLUTIONS,INC_01_18_2018-EX-10.1-Strategic Alliance Agreement",False,False
Expiration Date,N2KINC_10_16_1997-EX-10.16-SPONSORSHIP AGREEMENT,False,False
Governing Law,"KIROMICBIOPHARMA,INC_04_08_2020-EX-10.28-JOINT VENTURE AGREEMENT",False,False
Parties,ZEBRATECHNOLOGIESCORP_04_16_2014-EX-10.1-INTELLECTUAL PROPERTY AGREEMENT,False,False
License Grant,SFGFINANCIALCORP_05_12_2009-EX-10.1-SOFTWARE LICENSE AND MAINTENANCE AGREEMENT,False,False
Effective Date,EUROPEANMICROHOLDINGSINC_03_06_1998-EX-10.6-DISTRIBUTOR AGREEMENT,False,False
Parties,ALLIANCEBANCORPINCOFPENNSYLVANIA_10_18_2006-EX-1.2-AGENCY AGREEMENT,False,False
License Grant,ENTRUSTINC_07_24_1998-EX-10.5-STRATEGIC ALLIANCE AGREEMENT,True,False
Parties,DRAGONSYSTEMSINC_01_08_1999-EX-10.17-OUTSOURCING AGREEMENT,True,True
Expiration Date,"FOUNDATIONMEDICINE,INC_02_02_2015-EX-10.2-Collaboration Agreement",False,False
Non-Compete,ANIXABIOSCIENCESINC_06_09_2020-EX-10.1-COLLABORATION AGREEMENT,False,False
Cap On Liability,SMITHELECTRICVEHICLESCORP_04_04_2012-EX-10.26-FLEET MAINTENANCE AGREEMENT,False,False
License Grant,"Array BioPharma Inc. - LICENSE, DEVELOPMENT AND COMMERCIALIZATION AGREEMENT",False,False
Change Of Control,DYNTEKINC_07_30_1999-EX-10-ONLINE HOSTING AGREEMENT,True,False
Minimum Commitment,USASYNTHETICFUELCORP_10_21_2010-EX-10.10-STRATEGIC ALLIANCE AGREEMENT,True,False
Non-Transferable License,IpassInc_20181203_8-K_EX-99.1_11445874_EX-99.1_Reseller Agreement,False,False
Audit Rights,BEYONDCOMCORP_08_03_2000-EX-10.2-CO-HOSTING AGREEMENT,True,True
Anti-Assignment,"HOSPITALITYINVESTORSTRUST,INC_04_07_2014-EX-10.26-FRANCHISE AGREEMENT",False,False
Minimum Commitment,NEXSTARFINANCEHOLDINGSINC_03_27_2002-EX-10.26-OUTSOURCING AGREEMENT,False,False
License Grant,BEYONDCOMCORP_08_03_2000-EX-10.2-CO-HOSTING AGREEMENT,False,False
Parties,MOELIS_CO_03_24_2014-EX-10.19-STRATEGIC ALLIANCE AGREEMENT,False,False
Change Of Control,FreezeTagInc_20180411_8-K_EX-10.1_11139603_EX-10.1_Sponsorship Agreement,True,True
Expiration Date,ReynoldsConsumerProductsInc_20200121_S-1A_EX-10.22_11948918_EX-10.22_Service Agreement,True,False
Parties,"FOUNDATIONMEDICINE,INC_02_02_2015-EX-10.2-Collaboration Agreement",False,False
Parties,NakedBrandGroupInc_20150731_POS AM (on S-1)_EX-10.75_9196027_EX-10.75_Endorsement Agreement,False,False
Audit Rights,DYNTEKINC_07_30_1999-EX-10-ONLINE HOSTING AGREEMENT,True,False
Audit Rights,2ThemartComInc_19990826_10-12G_EX-10.10_6700288_EX-10.10_Co-Branding Agreement_ Agency Agreement,True,False
Rofr/Rofo/Rofn,LIMEENERGYCO_09_09_1999-EX-10-DISTRIBUTOR AGREEMENT,True,False
Warranty Duration,UpjohnInc_20200121_10-12G_EX-2.6_11948692_EX-2.6_Manufacturing Agreement_ Supply Agreement,False,False
License Grant,FulucaiProductionsLtd_20131223_10-Q_EX-10.9_8368347_EX-10.9_Content License Agreement,False,False
Termination For Convenience,EmeraldHealthBioceuticalsInc_20200218_1-A_EX1A-6 MAT CTRCT_11987205_EX1A-6 MAT CTRCT_Development Agreement,True,False
Notice Period To Terminate Renewal,SPHERE3DCORP_06_24_2020-EX-10.12-CONSULTING AGREEMENT,True,True
Rofr/Rofo/Rofn,EdietsComInc_20001030_10QSB_EX-10.4_2606646_EX-10.4_Co-Branding Agreement,False,False
Audit Rights,AzulSa_20170303_F-1A_EX-10.3_9943903_EX-10.3_Maintenance Agreement1,True,False
Parties,EhaveInc_20190515_20-F_EX-4.44_11678816_EX-4.44_License Agreement_ Reseller Agreement,False,False
Affiliate License-Licensee,QuantumGroupIncFl_20090120_8-K_EX-99.2_3672910_EX-99.2_Hosting Agreement,True,False
Parties,CORIOINC_07_20_2000-EX-10.5-LICENSE AND HOSTING AGREEMENT,True,False
Document Name,PRIMEENERGYRESOURCESCORP_04_02_2007-EX-10.28-COMPLETION AND LIQUIDITY MAINTENANCE AGREEMENT,True,False
License Grant,MidwestEnergyEmissionsCorp_20080604_8-K_EX-10.2_3093976_EX-10.2_Content License Agreement,False,False
Parties,TcPipelinesLp_20160226_10-K_EX-99.12_9454048_EX-99.12_Transportation Agreement,True,True
Non-Transferable License,"Sonos, Inc. - Manufacturing Agreement",True,True
Rofr/Rofo/Rofn,JOINTCORP_09_19_2014-EX-10.15-FRANCHISE AGREEMENT,False,False
License Grant,CHANGEPOINTCORP_03_08_2000-EX-10.6-LICENSE AND HOSTING AGREEMENT,False,False
Parties,ALAMOGORDOFINANCIALCORP_12_16_1999-EX-1-AGENCY AGREEMENT,False,False
Governing Law,OFGBANCORP_03_28_2007-EX-10.23-OUTSOURCING AGREEMENT,False,False
Ip Ownership Assignment,"VIRTUALSCOPICS,INC_11_12_2010-EX-10.1-STRATEGIC ALLIANCE AGREEMENT",True,True
Anti-Assignment,LOYALTYPOINTINC_11_16_2004-EX-10.2-RESELLER AGREEMENT,False,False
Exclusivity,SPORTHALEYINC_09_29_1997-EX-10.2-10-ENDORSEMENT AGREEMENT,False,False
Parties,CHANGEPOINTCORP_03_08_2000-EX-10.6-LICENSE AND HOSTING AGREEMENT,False,False
Termination For Convenience,"BERKELEYLIGHTS,INC_06_26_2020-EX-10.12-COLLABORATION AGREEMENT",False,False
Expiration Date,VERICELCORP_08_06_2019-EX-10.10-SUPPLY AGREEMENT,True,False
Governing Law,ALLIANCEBANCORPINCOFPENNSYLVANIA_10_18_2006-EX-1.2-AGENCY AGREEMENT,True,False
Parties,"INTELLIGENTHIGHWAYSOLUTIONS,INC_01_18_2018-EX-10.1-Strategic Alliance Agreement",False,False
Ip Ownership Assignment,CoherusBiosciencesInc_20200227_10-K_EX-10.29_12021376_EX-10.29_Development Agreement,False,False
Anti-Assignment,PhasebioPharmaceuticalsInc_20200330_10-K_EX-10.21_12086810_EX-10.21_Development Agreement,True,True
Exclusivity,CytodynInc_20200109_10-Q_EX-10.5_11941634_EX-10.5_License Agreement,False,False
Cap On Liability,UpjohnInc_20200121_10-12G_EX-2.6_11948692_EX-2.6_Manufacturing Agreement_ Supply Agreement,False,False
Governing Law,GluMobileInc_20070319_S-1A_EX-10.09_436630_EX-10.09_Content License Agreement1,False,False
Audit Rights,TELEGLOBEINTERNATIONALHOLDINGSLTD_03_29_2004-EX-10.10-CONSTRUCTION AND MAINTENANCE AGREEMENT,False,False
Insurance,AtnInternationalInc_20191108_10-Q_EX-10.1_11878541_EX-10.1_Maintenance Agreement,True,True
Exclusivity,RemarkHoldingsInc_20081114_10-Q_EX-10.24_2895649_EX-10.24_Content License Agreement,False,False
Cap On Liability,OFGBANCORP_03_28_2007-EX-10.23-OUTSOURCING AGREEMENT,False,False
Renewal Term,RitterPharmaceuticalsInc_20200313_S-4A_EX-10.54_12055220_EX-10.54_Development Agreement,True,True
Exclusivity,FIBROGENINC_10_01_2014-EX-10.11-COLLABORATION AGREEMENT,False,False
Effective Date,WELLSFARGOMORTGAGEBACKEDSECURITIES2006-6TRUST_05_11_2006-EX-10.3-Yield Maintenance Agreement,False,False
Parties,ENERGYXXILTD_05_08_2015-EX-10.13-Transportation AGREEMENT,True,False
Insurance,ArtaraTherapeuticsInc_20200110_8-K_EX-10.5_11943350_EX-10.5_License Agreement,True,False
Document Name,REWALKROBOTICSLTD_07_10_2014-EX-10.2-STRATEGIC ALLIANCE AGREEMENT,True,True
License Grant,CardlyticsInc_20180112_S-1_EX-10.16_11002987_EX-10.16_Maintenance Agreement1,False,False
Minimum Commitment,PacificapEntertainmentHoldingsInc_20051115_8-KA_EX-1.01_4300894_EX-1.01_Content License Agreement,False,False
Cap On Liability,MPLXLP_06_17_2015-EX-10.1-TRANSPORTATION SERVICES AGREEMENT,True,True
Agreement Date,HealthcareIntegratedTechnologiesInc_20190812_8-K_EX-10.1_11776966_EX-10.1_Reseller Agreement,False,False
Notice Period To Terminate Renewal,"INTELLIGENTHIGHWAYSOLUTIONS,INC_01_18_2018-EX-10.1-Strategic Alliance Agreement",True,True
Affiliate License-Licensee,"Sonos, Inc. - Manufacturing Agreement",True,True
Anti-Assignment,"Sonos, Inc. - Manufacturing Agreement",True,True
Change Of Control,RevolutionMedicinesInc_20200117_S-1_EX-10.1_11948417_EX-10.1_Development Agreement,True,True
Audit Rights,TheglobeComInc_19990503_S-1A_EX-10.20_5416126_EX-10.20_Co-Branding Agreement,True,True
Non-Transferable License,"BELLICUMPHARMACEUTICALS,INC_05_07_2019-EX-10.1-Supply Agreement",False,False
Audit Rights,DovaPharmaceuticalsInc_20181108_10-Q_EX-10.2_11414857_EX-10.2_Promotion Agreement,True,True
Parties,BIOAMBERINC_04_10_2013-EX-10.34-DEVELOPMENT AGREEMENT (1),True,False
License Grant,SimplicityEsportsGamingCompany_20181130_8-K_EX-10.1_11444071_EX-10.1_Franchise Agreement,False,False
Parties,BellringBrandsInc_20190920_S-1_EX-10.12_11817081_EX-10.12_Manufacturing Agreement2,True,False
Agreement Date,"BLUEHILLSBANCORP,INC_05_20_2014-EX-1.1-AGENCY AGREEMENT",False,False
Parties,"FIDELITYNATIONALINFORMATIONSERVICES,INC_08_05_2009-EX-10.3-INTELLECTUAL PROPERTY AGREEMENT",False,False
License Grant,JOINTCORP_09_19_2014-EX-10.15-FRANCHISE AGREEMENT,False,False
Minimum Commitment,ENTERPRISEPRODUCTSPARTNERSLP_07_08_1998-EX-10.3-TRANSPORTATION CONTRACT,False,False
Parties,MOELIS_CO_03_24_2014-EX-10.19-STRATEGIC ALLIANCE AGREEMENT,False,False
Document Name,VERTEXENERGYINC_08_14_2014-EX-10.24-OPERATION AND MAINTENANCE AGREEMENT,True,False
Non-Disparagement,JOINTCORP_09_19_2014-EX-10.15-FRANCHISE AGREEMENT,False,False
Exclusivity,MidwestEnergyEmissionsCorp_20080604_8-K_EX-10.2_3093976_EX-10.2_Content License Agreement,False,False
Insurance,AIRTECHINTERNATIONALGROUPINC_05_08_2000-EX-10.4-FRANCHISE AGREEMENT,True,True
Anti-Assignment,ADAPTIMMUNETHERAPEUTICSPLC_04_06_2017-EX-10.11-STRATEGIC ALLIANCE AGREEMENT,True,False
Insurance,SimplicityEsportsGamingCompany_20181130_8-K_EX-10.1_11444071_EX-10.1_Franchise Agreement,False,False
Minimum Commitment,IVILLAGEINC_03_17_1999-EX-10.16-SPONSORSHIP AGREEMENT,False,False
Cap On Liability,"OASYSMOBILE,INC_07_05_2001-EX-10.17-OUTSOURCING AGREEMENT",True,True
Revenue/Profit Sharing,GluMobileInc_20070319_S-1A_EX-10.09_436630_EX-10.09_Content License Agreement1,False,False
Governing Law,WOMENSGOLFUNLIMITEDINC_03_29_2000-EX-10.13-ENDORSEMENT AGREEMENT,True,False
Affiliate License-Licensee,"BELLICUMPHARMACEUTICALS,INC_05_07_2019-EX-10.1-Supply Agreement",False,False
Parties,"XLITECHNOLOGIES,INC_12_02_2015-EX-10.02-STRATEGIC ALLIANCE AGREEMENT",True,False
License Grant,"CERES,INC_01_25_2012-EX-10.20-Collaboration Agreement",False,False
Ip Ownership Assignment,SimplicityEsportsGamingCompany_20181130_8-K_EX-10.1_11444071_EX-10.1_Franchise Agreement,True,False
Agreement Date,LOOKSMARTLTD_07_20_2012-EX-99.(D)(I)-SPONSORSHIP AGREEMENT,True,True
Anti-Assignment,FuseMedicalInc_20190321_10-K_EX-10.43_11575454_EX-10.43_Distributor Agreement,False,False
Revenue/Profit Sharing,VertexEnergyInc_20200113_8-K_EX-10.1_11943624_EX-10.1_Marketing Agreement,False,False
Audit Rights,CybergyHoldingsInc_20140520_10-Q_EX-10.27_8605784_EX-10.27_Affiliate Agreement,False,False
Non-Compete,"DRIVENDELIVERIES,INC_05_22_2020-EX-10.4-CONSULTING AGREEMENT",True,True
Warranty Duration,ImineCorp_20180725_S-1_EX-10.5_11275970_EX-10.5_Distributor Agreement,False,False
Warranty Duration,"ETELOS,INC_03_09_2004-EX-10.8-DISTRIBUTOR AGREEMENT",True,False
Expiration Date,INTRICONCORP_03_10_2009-EX-10.22-Strategic Alliance Agreement,False,False
Source Code Escrow,CORIOINC_07_20_2000-EX-10.5-LICENSE AND HOSTING AGREEMENT,True,False
Minimum Commitment,Apollo Endosurgery - Manufacturing and Supply Agreement,False,False
Exclusivity,SYKESHEALTHPLANSERVICESINC_04_24_1998-EX-10.14-OUTSOURCING AGREEMENT,False,False
Anti-Assignment,ENERGYXXILTD_05_08_2015-EX-10.13-Transportation AGREEMENT,True,False
Governing Law,PalmerSquareCapitalBdcInc_20200116_10-12GA_EX-10.6_11949289_EX-10.6_Trademark License Agreement,False,False
Post-Termination Services,"Sonos, Inc. - Manufacturing Agreement",True,True
Cap On Liability,IMMUNOMEDICSINC_08_07_2019-EX-10.1-PROMOTION AGREEMENT,True,True
Volume Restriction,ENTERPRISEPRODUCTSPARTNERSLP_07_08_1998-EX-10.3-TRANSPORTATION CONTRACT,False,False
License Grant,BIOAMBERINC_04_10_2013-EX-10.34-DEVELOPMENT AGREEMENT (1),True,False
Irrevocable Or Perpetual License,EhaveInc_20190515_20-F_EX-4.44_11678816_EX-4.44_License Agreement_ Reseller Agreement,False,False
Document Name,"GRIDIRONBIONUTRIENTS,INC_02_05_2020-EX-10.3-SUPPLY AGREEMENT",True,False
Cap On Liability,AlliedEsportsEntertainmentInc_20190815_8-K_EX-10.19_11788293_EX-10.19_Content License Agreement,True,True
Parties,DeltathreeInc_19991102_S-1A_EX-10.19_6227850_EX-10.19_Co-Branding Agreement_ Service Agreement,False,False
Rofr/Rofo/Rofn,IGENEBIOTECHNOLOGYINC_05_13_2003-EX-1-JOINT VENTURE AGREEMENT,False,False
Parties,"Magenta Therapeutics, Inc. - Master Development and Manufacturing Agreement",True,False
No-Solicit Of Employees,REWALKROBOTICSLTD_07_10_2014-EX-10.2-STRATEGIC ALLIANCE AGREEMENT,True,False
Parties,"KIROMICBIOPHARMA,INC_04_08_2020-EX-10.28-JOINT VENTURE AGREEMENT",True,False
Audit Rights,"OAKTREECAPITALGROUP,LLC_03_02_2020-EX-10.8-Services Agreement",True,False
Change Of Control,FuelcellEnergyInc_20191106_8-K_EX-10.1_11868007_EX-10.1_Development Agreement,True,True
Ip Ownership Assignment,"MEDALISTDIVERSIFIEDREIT,INC_05_18_2020-EX-10.1-CONSULTING AGREEMENT",True,False
Insurance,BellringBrandsInc_20190920_S-1_EX-10.12_11817081_EX-10.12_Manufacturing Agreement1,True,False
Revenue/Profit Sharing,PfHospitalityGroupInc_20150923_10-12G_EX-10.1_9266710_EX-10.1_Franchise Agreement1,False,False
Non-Transferable License,"OASYSMOBILE,INC_07_05_2001-EX-10.17-OUTSOURCING AGREEMENT",True,False
Audit Rights,DYNTEKINC_07_30_1999-EX-10-ONLINE HOSTING AGREEMENT,True,False
Parties,VirtuosoSurgicalInc_20191227_1-A_EX1A-6 MAT CTRCT_11933379_EX1A-6 MAT CTRCT_License Agreement,True,False
Revenue/Profit Sharing,RevolutionMedicinesInc_20200117_S-1_EX-10.1_11948417_EX-10.1_Development Agreement,False,False
Parties,STAMPSCOMINC_06_24_1999-EX-10.18-SPONSORSHIP AGREEMENT,False,False
Ip Ownership Assignment,ClickstreamCorp_20200330_1-A_EX1A-6 MAT CTRCT_12089935_EX1A-6 MAT CTRCT_Development Agreement,True,False
Insurance,PlayboyEnterprisesInc_20090220_10-QA_EX-10.2_4091580_EX-10.2_Content License Agreement_ Marketing Agreement_ Sales-Purchase Agreement1,True,False
Agreement Date,CcRealEstateIncomeFundadv_20181205_POS 8C_EX-99.(H)(3)_11447739_EX-99.(H)(3)_Marketing Agreement,False,False
Competitive Restriction Exception,CYBERIANOUTPOSTINC_07_09_1998-EX-10.13-PROMOTION AGREEMENT,False,False
Agreement Date,CybergyHoldingsInc_20140520_10-Q_EX-10.27_8605784_EX-10.27_Affiliate Agreement,True,False
Audit Rights,BIOFRONTERAAG_04_29_2019-EX-4.17-SUPPLY AGREEMENT,False,False
Insurance,GAINSCOINC_01_21_2010-EX-10.41-SPONSORSHIP AGREEMENT,True,False
Source Code Escrow,EhaveInc_20190515_20-F_EX-4.44_11678816_EX-4.44_License Agreement_ Reseller Agreement,True,False
Document Name,"BLUEHILLSBANCORP,INC_05_20_2014-EX-1.1-AGENCY AGREEMENT",False,False
Anti-Assignment,RemarkHoldingsInc_20081114_10-Q_EX-10.24_2895649_EX-10.24_Content License Agreement,True,True
Effective Date,"ARMSTRONGFLOORING,INC_01_07_2019-EX-10.2-INTELLECTUAL PROPERTY AGREEMENT",True,True
Exclusivity,NANOPHASETECHNOLOGIESCORP_11_01_2005-EX-99.1-DISTRIBUTOR AGREEMENT,False,False
Cap On Liability,PapaJohnsInternationalInc_20190617_8-K_EX-10.1_11707365_EX-10.1_Endorsement Agreement,True,False
Governing Law,AimmuneTherapeuticsInc_20200205_8-K_EX-10.3_11967170_EX-10.3_Development Agreement,False,False
Parties,Apollo Endosurgery - Manufacturing and Supply Agreement,False,False
Parties,BIOFRONTERAAG_04_29_2019-EX-4.17-SUPPLY AGREEMENT,False,False
Termination For Convenience,"NETGEAR,INC_04_21_2003-EX-10.16-DISTRIBUTOR AGREEMENT",True,True
Parties,"BELLICUMPHARMACEUTICALS,INC_05_07_2019-EX-10.1-Supply Agreement",False,False
Parties,RMRGROUPINC_01_22_2020-EX-99.1-JOINT FILING AGREEMENT,True,False
Liquidated Damages,HEALTHGATEDATACORP_11_24_1999-EX-10.1-HOSTING AND MANAGEMENT AGREEMENT (1),False,False
Document Name,"VISIUMTECHNOLOGIES,INC_10_20_2004-EX-10.20-DISTRIBUTOR AGREEMENT",False,False
Cap On Liability,SFGFINANCIALCORP_05_12_2009-EX-10.1-SOFTWARE LICENSE AND MAINTENANCE AGREEMENT,False,False
Parties,CHAPARRALRESOURCESINC_03_30_2000-EX-10.66-TRANSPORTATION CONTRACT,True,False
Governing Law,TheglobeComInc_19990503_S-1A_EX-10.20_5416126_EX-10.20_Co-Branding Agreement,True,True
Revenue/Profit Sharing,STWRESOURCESHOLDINGCORP_08_06_2014-EX-10.1-COOPERATION AGREEMENT,False,False
Parties,N2KINC_10_16_1997-EX-10.16-SPONSORSHIP AGREEMENT,False,False
Non-Disparagement,StaarSurgicalCompany_20180801_10-Q_EX-10.37_11289449_EX-10.37_Distributor Agreement,False,False
Parties,STARTECGLOBALCOMMUNICATIONSCORP_11_16_1998-EX-10.30-CONSTRUCTION AND MAINTENANCE AGREEMENT,False,False
Non-Disparagement,GAINSCOINC_01_21_2010-EX-10.41-SPONSORSHIP AGREEMENT,False,False
Governing Law,CORIOINC_07_20_2000-EX-10.5-LICENSE AND HOSTING AGREEMENT,True,True
Revenue/Profit Sharing,LinkPlusCorp_20050802_8-K_EX-10_3240252_EX-10_Affiliate Agreement,False,False
Governing Law,"FTENETWORKS,INC_02_18_2016-EX-99.4-STRATEGIC ALLIANCE AGREEMENT",True,False
Rofr/Rofo/Rofn,INTERNATIONALFASTFOODCORP_04_04_1997-EX-99-FRANCHISE AGREEMENT,False,False
Insurance,STARTECGLOBALCOMMUNICATIONSCORP_11_16_1998-EX-10.30-CONSTRUCTION AND MAINTENANCE AGREEMENT,False,False
Warranty Duration,"BELLICUMPHARMACEUTICALS,INC_05_07_2019-EX-10.1-Supply Agreement",False,False
Governing Law,NEONSYSTEMSINC_03_01_1999-EX-10.5-DISTRIBUTOR AGREEMENT_Amendment,True,False
Post-Termination Services,HEALTHGATEDATACORP_11_24_1999-EX-10.1-HOSTING AND MANAGEMENT AGREEMENT (1),False,False
Agreement Date,SONUSCORP_03_12_1997-EX-10.11-SPONSORSHIP AGREEMENT,False,False
Covenant Not To Sue,ReedsInc_20191113_10-Q_EX-10.4_11888303_EX-10.4_Development Agreement,True,True
Revenue/Profit Sharing,EuromediaHoldingsCorp_20070215_10SB12G_EX-10.B(01)_525118_EX-10.B(01)_Content License Agreement,False,False
Parties,AMERICANPHYSICIANSCAPITALINC_03_31_2003-EX-10.26-AGENCY AGREEMENT,False,False
Parties,TRUENORTHENERGYCORP_02_08_2007-EX-10.1-DEVELOPMENT AGREEMENT,False,False
Rofr/Rofo/Rofn,JOINTCORP_09_19_2014-EX-10.15-FRANCHISE AGREEMENT,False,False
Document Name,SLINGERBAGINC_05_27_2020-EX-10.7-CONSULTING AGREEMENT,True,False
Cap On Liability,BloomEnergyCorp_20180321_DRSA (on S-1)_EX-10_11240356_EX-10_Maintenance Agreement,True,False
License Grant,"Array BioPharma Inc. - LICENSE, DEVELOPMENT AND COMMERCIALIZATION AGREEMENT",False,False
Uncapped Liability,"BERKELEYLIGHTS,INC_06_26_2020-EX-10.12-COLLABORATION AGREEMENT",True,True
Expiration Date,SCOUTCAMINC_05_12_2020-EX-10.22-SERVICES AGREEMENT,True,False
Insurance,CardlyticsInc_20180112_S-1_EX-10.16_11002987_EX-10.16_Maintenance Agreement1,False,False
License Grant,IdeanomicsInc_20160330_10-K_EX-10.26_9512211_EX-10.26_Content License Agreement,False,False
Parties,HealthcareIntegratedTechnologiesInc_20190812_8-K_EX-10.1_11776966_EX-10.1_Reseller Agreement,False,False
License Grant,CytodynInc_20200109_10-Q_EX-10.5_11941634_EX-10.5_License Agreement,False,False
Parties,VERSOTECHNOLOGIESINC_12_28_2007-EX-99.3-INTELLECTUAL PROPERTY AGREEMENT,True,True
Parties,LejuHoldingsLtd_20140121_DRS (on F-1)_EX-10.26_8473102_EX-10.26_Content License Agreement2,False,False
Document Name,"BELLICUMPHARMACEUTICALS,INC_05_07_2019-EX-10.1-Supply Agreement",False,False
Uncapped Liability,AtnInternationalInc_20191108_10-Q_EX-10.1_11878541_EX-10.1_Maintenance Agreement,True,True
Audit Rights,KINGPHARMACEUTICALSINC_08_09_2006-EX-10.1-PROMOTION AGREEMENT,True,True
Audit Rights,STAMPSCOMINC_06_24_1999-EX-10.18-SPONSORSHIP AGREEMENT,False,False
Document Name,"CERES,INC_01_25_2012-EX-10.20-Collaboration Agreement",False,False
Expiration Date,WPPPLC_04_30_2020-EX-4.28-SERVICE AGREEMENT,True,False
Parties,"VEONEER,INC_02_21_2020-EX-10.11-JOINT VENTURE AGREEMENT",True,False
Anti-Assignment,EuromediaHoldingsCorp_20070215_10SB12G_EX-10.B(01)_525118_EX-10.B(01)_Content License Agreement,False,False
Cap On Liability,"VISIUMTECHNOLOGIES,INC_10_20_2004-EX-10.20-DISTRIBUTOR AGREEMENT",False,False
Insurance,BONTONSTORESINC_04_20_2018-EX-99.3-AGENCY AGREEMENT,True,False
Exclusivity,"ATHENSBANCSHARESCORP_11_02_2009-EX-1.2-AGENCY AGREEMENT , 2009",False,False
Source Code Escrow,CardlyticsInc_20180112_S-1_EX-10.16_11002987_EX-10.16_Maintenance Agreement1,True,False
Non-Transferable License,FuelcellEnergyInc_20191106_8-K_EX-10.1_11868007_EX-10.1_Development Agreement,False,False
Cap On Liability,CORIOINC_07_20_2000-EX-10.5-LICENSE AND HOSTING AGREEMENT,False,False
Termination For Convenience,"IPAYMENT,INC_05_14_2007-EX-10.1-SPONSORSHIP AGREEMENT",True,False
Anti-Assignment,HarpoonTherapeuticsInc_20200312_10-K_EX-10.18_12051356_EX-10.18_Development Agreement,True,False
Covenant Not To Sue,ArmstrongFlooringInc_20190107_8-K_EX-10.2_11471795_EX-10.2_Intellectual Property Agreement,False,False
Exclusivity,ElPolloLocoHoldingsInc_20200306_10-K_EX-10.16_12041700_EX-10.16_Development Agreement,False,False
Exclusivity,ChinaRealEstateInformationCorp_20090929_F-1_EX-10.32_4771615_EX-10.32_Content License Agreement,False,False
License Grant,"XLITECHNOLOGIES,INC_12_02_2015-EX-10.02-STRATEGIC ALLIANCE AGREEMENT",True,False
Warranty Duration,FIBROGENINC_10_01_2014-EX-10.11-COLLABORATION AGREEMENT,False,False
Irrevocable Or Perpetual License,INGEVITYCORP_05_16_2016-EX-10.5-INTELLECTUAL PROPERTY AGREEMENT,True,False
Parties,IpassInc_20181203_8-K_EX-99.1_11445874_EX-99.1_Reseller Agreement,True,False
Cap On Liability,NeoformaInc_19991202_S-1A_EX-10.26_5224521_EX-10.26_Co-Branding Agreement,True,False
Cap On Liability,"VISIUMTECHNOLOGIES,INC_10_20_2004-EX-10.20-DISTRIBUTOR AGREEMENT",False,False
Agreement Date,HPILHOLDING_01_07_2015-EX-99.1-COOPERATION AGREEMENT,False,False
Governing Law,LiquidmetalTechnologiesInc_20200205_8-K_EX-10.1_11968198_EX-10.1_Development Agreement,True,True
Anti-Assignment,INTRICONCORP_03_10_2009-EX-10.22-Strategic Alliance Agreement,False,False
Revenue/Profit Sharing,TEARDROPGOLFCO_10_23_1996-EX-10.12-ENDORSEMENT AGREEMENT,False,False
Exclusivity,"CERES,INC_01_25_2012-EX-10.20-Collaboration Agreement",False,False
Expiration Date,IpassInc_20181203_8-K_EX-99.1_11445874_EX-99.1_Reseller Agreement,True,True
Affiliate License-Licensee,FuelcellEnergyInc_20191106_8-K_EX-10.1_11868007_EX-10.1_Development Agreement,False,False
Post-Termination Services,EtonPharmaceuticalsInc_20191114_10-Q_EX-10.1_11893941_EX-10.1_Development Agreement,False,False
Audit Rights,SoupmanInc_20150814_8-K_EX-10.1_9230148_EX-10.1_Franchise Agreement1,False,False
Termination For Convenience,"GWG HOLDINGS, INC. - ORDERLY MARKETING AGREEMENT",True,True
Audit Rights,ReynoldsConsumerProductsInc_20200121_S-1A_EX-10.22_11948918_EX-10.22_Service Agreement,True,False
Audit Rights,"Sonos, Inc. - Manufacturing Agreement",False,False
Expiration Date,GentechHoldingsInc_20190808_1-A_EX1A-6 MAT CTRCT_11776814_EX1A-6 MAT CTRCT_Distributor Agreement,True,True
Minimum Commitment,TEARDROPGOLFCO_10_23_1996-EX-10.12-ENDORSEMENT AGREEMENT,True,False
Parties,"COOLTECHNOLOGIES,INC_10_25_2017-EX-10.71-Strategic Alliance Agreement",False,False
Irrevocable Or Perpetual License,REGANHOLDINGCORP_03_31_2008-EX-10-LICENSE AND HOSTING AGREEMENT,False,False
Affiliate License-Licensee,GarrettMotionInc_20181001_8-K_EX-2.4_11364532_EX-2.4_Intellectual Property Agreement,False,False
Most Favored Nation,"BERKELEYLIGHTS,INC_06_26_2020-EX-10.12-COLLABORATION AGREEMENT",False,False
Termination For Convenience,PHLVARIABLEINSURANCECOCT_08_17_2009-EX-10.1-STRATEGIC ALLIANCE AGREEMENT,True,False
Anti-Assignment,AtnInternationalInc_20191108_10-Q_EX-10.1_11878541_EX-10.1_Maintenance Agreement,True,False
Audit Rights,CYBERIANOUTPOSTINC_07_09_1998-EX-10.13-PROMOTION AGREEMENT,True,True
Non-Transferable License,"OASYSMOBILE,INC_07_05_2001-EX-10.17-OUTSOURCING AGREEMENT",False,False
Insurance,LegacyEducationAllianceInc_20200330_10-K_EX-10.18_12090678_EX-10.18_Development Agreement,True,True
Post-Termination Services,EUROPEANMICROHOLDINGSINC_03_06_1998-EX-10.6-DISTRIBUTOR AGREEMENT,True,False
Document Name,LegacyEducationAllianceInc_20200330_10-K_EX-10.18_12090678_EX-10.18_Development Agreement,True,False
Governing Law,LifewayFoodsInc_20160316_10-K_EX-10.24_9489766_EX-10.24_Endorsement Agreement,False,False
Agreement Date,"GSITECHNOLOGYINC_11_16_2009-EX-10.2-INTELLECTUAL PROPERTY AGREEMENT between SONY ELECTRONICS INC. and GSI TECHNOLOGY, INC.",True,False
Exclusivity,KALLOINC_11_03_2011-EX-10.1-STRATEGIC ALLIANCE AGREEMENT,False,False
Change Of Control,WaterNowInc_20191120_10-Q_EX-10.12_11900227_EX-10.12_Distributor Agreement,False,False
License Grant,ZEBRATECHNOLOGIESCORP_04_16_2014-EX-10.1-INTELLECTUAL PROPERTY AGREEMENT,False,False
Uncapped Liability,EuromediaHoldingsCorp_20070215_10SB12G_EX-10.B(01)_525118_EX-10.B(01)_Content License Agreement,True,False
Expiration Date,"GOOSEHEADINSURANCE,INC_04_02_2018-EX-10.6-Franchise Agreement",True,True
Uncapped Liability,RevolutionMedicinesInc_20200117_S-1_EX-10.1_11948417_EX-10.1_Development Agreement,False,False
Change Of Control,"MARSHALLHOLDINGSINTERNATIONAL,INC_04_14_2004-EX-10.15-ENDORSEMENT AGREEMENT",False,False
Anti-Assignment,ADAMSGOLFINC_03_21_2005-EX-10.17-ENDORSEMENT AGREEMENT,True,False
Renewal Term,SPHERE3DCORP_06_24_2020-EX-10.12-CONSULTING AGREEMENT,True,True
Non-Transferable License,OFGBANCORP_03_28_2007-EX-10.23-OUTSOURCING AGREEMENT,False,False
Parties,"Loop Industries, Inc. - Marketing Agreement",False,False
Effective Date,DIVERSINETCORP_03_01_2012-EX-4-RESELLER AGREEMENT,False,False
Insurance,MEDIWOUNDLTD_01_15_2014-EX-10.6-SUPPLY AGREEMENT,True,True
Non-Compete,NeoformaInc_19991202_S-1A_EX-10.26_5224521_EX-10.26_Co-Branding Agreement,False,False
Parties,LejuHoldingsLtd_20140121_DRS (on F-1)_EX-10.26_8473102_EX-10.26_Content License Agreement2,False,False
Termination For Convenience,FuelcellEnergyInc_20191106_8-K_EX-10.1_11868007_EX-10.1_Development Agreement,True,True
Governing Law,BLUEFLYINC_03_27_2002-EX-10.27-e-business Hosting Agreement,True,True
Renewal Term,"FOUNDATIONMEDICINE,INC_02_02_2015-EX-10.2-Collaboration Agreement",True,False
Anti-Assignment,EMERALDHEALTHTHERAPEUTICSINC_06_10_2020-EX-4.5-CONSULTING AGREEMENT - DR. GAETANO MORELLO N.D. INC.,True,False
Anti-Assignment,DigitalCinemaDestinationsCorp_20111220_S-1_EX-10.10_7346719_EX-10.10_Affiliate Agreement,True,False
Parties,"ETELOS,INC_03_09_2004-EX-10.8-DISTRIBUTOR AGREEMENT",False,False
Ip Ownership Assignment,CardlyticsInc_20180112_S-1_EX-10.16_11002987_EX-10.16_Maintenance Agreement1,False,False
Parties,SCOUTCAMINC_05_12_2020-EX-10.22-SERVICES AGREEMENT,False,False
Notice Period To Terminate Renewal,SigaTechnologiesInc_20190603_8-K_EX-10.1_11695818_EX-10.1_Promotion Agreement,True,True
Governing Law,"DRIVENDELIVERIES,INC_05_22_2020-EX-10.4-CONSULTING AGREEMENT",True,True
Parties,NmfSlfIInc_20200115_10-12GA_EX-10.5_11946987_EX-10.5_Trademark License Agreement,True,False
Non-Compete,NETGROCERINC_07_31_1998-EX-10.15-SPONSORSHIP AGREEMENT,False,False
Covenant Not To Sue,PapaJohnsInternationalInc_20190617_8-K_EX-10.1_11707365_EX-10.1_Endorsement Agreement,True,True
Warranty Duration,"OPTIMIZEDTRANSPORTATIONMANAGEMENT,INC_07_26_2000-EX-6.6-DISTRIBUTOR AGREEMENT",True,True
Parties,MANUFACTURERSSERVICESLTD_06_05_2000-EX-10.14-OUTSOURCING AGREEMENT,False,False
Cap On Liability,"CORALGOLDRESOURCES,LTD_05_28_2020-EX-4.1-CONSULTING AGREEMENT",True,True
No-Solicit Of Employees,PfHospitalityGroupInc_20150923_10-12G_EX-10.1_9266710_EX-10.1_Franchise Agreement1,True,False
Uncapped Liability,OPERALTD_04_30_2020-EX-4.14-SERVICE AGREEMENT,False,False
Expiration Date,WELLSFARGOMORTGAGEBACKEDSECURITIES2006-6TRUST_05_11_2006-EX-10.3-Yield Maintenance Agreement,True,False
Affiliate License-Licensee,PREMIERBIOMEDICALINC_05_14_2020-EX-10.2-INTELLECTUAL PROPERTY AGREEMENT,True,False
Parties,UAGHINC_04_14_2004-EX-10.18-MAINTENANCE AGREEMENT,False,False
Effective Date,ENTERTAINMENTGAMINGASIAINC_02_15_2005-EX-10.5-DISTRIBUTOR AGREEMENT,False,False
Document Name,CHERRYHILLMORTGAGEINVESTMENTCORP_09_26_2013-EX-10.1-Strategic Alliance Agreement,False,False
Agreement Date,SmartRxSystemsInc_20180914_1-A_EX1A-6 MAT CTRCT_11351705_EX1A-6 MAT CTRCT_Distributor Agreement,False,False
Parties,"MEDALISTDIVERSIFIEDREIT,INC_05_18_2020-EX-10.1-CONSULTING AGREEMENT",False,False
Governing Law,Apollo Endosurgery - Manufacturing and Supply Agreement,False,False
Parties,BellringBrandsInc_20190920_S-1_EX-10.12_11817081_EX-10.12_Manufacturing Agreement2,True,False
Revenue/Profit Sharing,TELKOMSALTD_01_30_2003-EX-10-LICENCE AND MAINTENANCE AGREEMENT,True,True
Cap On Liability,ENTERTAINMENTGAMINGASIAINC_02_15_2005-EX-10.5-DISTRIBUTOR AGREEMENT,True,True
Agreement Date,WebmdHealthCorp_20050908_S-1A_EX-10.7_1027007_EX-10.7_Content License Agreement,True,True
Audit Rights,STAMPSCOMINC_06_24_1999-EX-10.18-SPONSORSHIP AGREEMENT,False,False
Renewal Term,DYNTEKINC_07_30_1999-EX-10-ONLINE HOSTING AGREEMENT,True,False
Rofr/Rofo/Rofn,GluMobileInc_20070319_S-1A_EX-10.09_436630_EX-10.09_Content License Agreement1,False,False
Parties,EuromediaHoldingsCorp_20070215_10SB12G_EX-10.B(01)_525118_EX-10.B(01)_Content License Agreement,False,False
Agreement Date,BEYONDCOMCORP_08_03_2000-EX-10.2-CO-HOSTING AGREEMENT,True,True
Document Name,ASIANDRAGONGROUPINC_08_11_2005-EX-10.5-Reseller Agreement,False,False
Audit Rights,TELEGLOBEINTERNATIONALHOLDINGSLTD_03_29_2004-EX-10.10-CONSTRUCTION AND MAINTENANCE AGREEMENT,False,False
Insurance,Monsanto Company - SECOND A_R EXCLUSIVE AGENCY AND MARKETING AGREEMENT,False,False
Parties,NakedBrandGroupInc_20150731_POS AM (on S-1)_EX-10.75_9196027_EX-10.75_Endorsement Agreement,False,False
Post-Termination Services,"CERES,INC_01_25_2012-EX-10.20-Collaboration Agreement",True,False
Exclusivity,"LEGACYTECHNOLOGYHOLDINGS,INC_12_09_2005-EX-10.2-DISTRIBUTOR AGREEMENT",False,False
Cap On Liability,BIOFRONTERAAG_04_29_2019-EX-4.17-SUPPLY AGREEMENT,True,True
Effective Date,WaterNowInc_20191120_10-Q_EX-10.12_11900227_EX-10.12_Distributor Agreement,True,False
Insurance,AtnInternationalInc_20191108_10-Q_EX-10.1_11878541_EX-10.1_Maintenance Agreement,False,False
Insurance,"BLUEHILLSBANCORP,INC_05_20_2014-EX-1.1-AGENCY AGREEMENT",False,False
Liquidated Damages,BUFFALOWILDWINGSINC_06_05_1998-EX-10.3-FRANCHISE AGREEMENT,False,False
Effective Date,EMERALDHEALTHTHERAPEUTICSINC_06_10_2020-EX-4.5-CONSULTING AGREEMENT - DR. GAETANO MORELLO N.D. INC.,True,True
Anti-Assignment,"BERKELEYLIGHTS,INC_06_26_2020-EX-10.12-COLLABORATION AGREEMENT",True,False
Governing Law,"INNOVIVA,INC_08_07_2014-EX-10.1-COLLABORATION AGREEMENT",False,False
Audit Rights,KINGPHARMACEUTICALSINC_08_09_2006-EX-10.1-PROMOTION AGREEMENT,True,True
Cap On Liability,DYNAMEXINC_06_06_1996-EX-10.4-TRANSPORTATION SERVICES AGREEMENT,True,False
Cap On Liability,BEYONDCOMCORP_08_03_2000-EX-10.2-CO-HOSTING AGREEMENT,True,True
Parties,"BLUEROCKRESIDENTIALGROWTHREIT,INC_06_01_2016-EX-1.1-AGENCY AGREEMENT",False,False
Parties,ScansourceInc_20190509_10-Q_EX-10.2_11661422_EX-10.2_Distributor Agreement,False,False
Governing Law,AlliedEsportsEntertainmentInc_20190815_8-K_EX-10.19_11788293_EX-10.19_Content License Agreement,True,True
License Grant,KINGPHARMACEUTICALSINC_08_09_2006-EX-10.1-PROMOTION AGREEMENT,False,False
Warranty Duration,"NETGEAR,INC_04_21_2003-EX-10.16-DISTRIBUTOR AGREEMENT",False,False
Parties,"VEONEER,INC_02_21_2020-EX-10.11-JOINT VENTURE AGREEMENT",True,False
Document Name,"GWG HOLDINGS, INC. - ORDERLY MARKETING AGREEMENT",False,False
Parties,PelicanDeliversInc_20200211_S-1_EX-10.3_11975895_EX-10.3_Development Agreement1,True,True
Agreement Date,VARIABLESEPARATEACCOUNT_04_30_2014-EX-13.C-UNCONDITIONAL CAPITAL MAINTENANCE AGREEMENT,False,False
Exclusivity,Monsanto Company - SECOND A_R EXCLUSIVE AGENCY AND MARKETING AGREEMENT,False,False
Volume Restriction,PerformanceSportsBrandsInc_20110909_S-1_EX-10.10_7220214_EX-10.10_Endorsement Agreement,False,False
Parties,"TALLGRASSENERGY,LP_02_20_2020-EX-99.26-JOINT FILING AGREEMENT",True,False
Notice Period To Terminate Renewal,Apollo Endosurgery - Manufacturing and Supply Agreement,True,True
Effective Date,PareteumCorp_20081001_8-K_EX-99.1_2654808_EX-99.1_Hosting Agreement,False,False
Ip Ownership Assignment,"KIROMICBIOPHARMA,INC_04_08_2020-EX-10.28-JOINT VENTURE AGREEMENT",False,False
Document Name,"Sonos, Inc. - Manufacturing Agreement",True,False
Non-Compete,AudibleInc_20001113_10-Q_EX-10.32_2599586_EX-10.32_Co-Branding Agreement_ Marketing Agreement_ Investment Distribution Agreement,True,False
Agreement Date,"ATHENSBANCSHARESCORP_11_02_2009-EX-1.2-AGENCY AGREEMENT , 2009",False,False
No-Solicit Of Customers,LIMEENERGYCO_09_09_1999-EX-10-DISTRIBUTOR AGREEMENT,True,True
Governing Law,GAINSCOINC_01_21_2010-EX-10.41-SPONSORSHIP AGREEMENT,True,True
Uncapped Liability,CHANGEPOINTCORP_03_08_2000-EX-10.6-LICENSE AND HOSTING AGREEMENT,True,False
Minimum Commitment,CoherusBiosciencesInc_20200227_10-K_EX-10.29_12021376_EX-10.29_Development Agreement,False,False
Anti-Assignment,"IPAYMENT,INC_05_14_2007-EX-10.1-SPONSORSHIP AGREEMENT",False,False
Non-Compete,BUFFALOWILDWINGSINC_06_05_1998-EX-10.3-FRANCHISE AGREEMENT,True,False
Minimum Commitment,SUNTRONCORP_05_17_2006-EX-10.22-MAINTENANCE AGREEMENT,True,False
Governing Law,LejuHoldingsLtd_20140121_DRS (on F-1)_EX-10.26_8473102_EX-10.26_Content License Agreement2,True,False
Volume Restriction,"ASHWORTHINC_01_29_1999-EX-10.(D)-PROMOTION AGREEMENT AND NANTZ COMMUNICATIONS, INC.",False,False
Joint Ip Ownership,MACROGENICSINC_08_02_2013-EX-10-COLLABORATION AGREEMENT,False,False
Audit Rights,"IPAYMENT,INC_05_14_2007-EX-10.1-SPONSORSHIP AGREEMENT",True,False
Exclusivity,GluMobileInc_20070319_S-1A_EX-10.09_436630_EX-10.09_Content License Agreement2,False,False
Rofr/Rofo/Rofn,GOLDRESOURCECORP_12_11_2008-EX-10.1-STRATEGIC ALLIANCE AGREEMENT,False,False
Agreement Date,VnueInc_20150914_8-K_EX-10.1_9259571_EX-10.1_Promotion Agreement,True,False
License Grant,ArtaraTherapeuticsInc_20200110_8-K_EX-10.5_11943350_EX-10.5_License Agreement,False,False
Non-Transferable License,"BELLICUMPHARMACEUTICALS,INC_05_07_2019-EX-10.1-Supply Agreement",False,False
Non-Compete,ENTERTAINMENTGAMINGASIAINC_02_15_2005-EX-10.5-DISTRIBUTOR AGREEMENT,False,False
Parties,"DUOSTECHNOLOGIESGROUP,INC_04_21_2009-EX-10.1-STRATEGIC ALLIANCE AGREEMENT",False,False
Parties,"VISIUMTECHNOLOGIES,INC_10_20_2004-EX-10.20-DISTRIBUTOR AGREEMENT",False,False
Governing Law,MOVADOGROUPINC_04_30_2003-EX-10.28-ENDORSEMENT AGREEMENT,False,False
Termination For Convenience,HPILHOLDING_01_07_2015-EX-99.1-COOPERATION AGREEMENT,True,True
Parties,"KNOWLABS,INC_08_15_2005-EX-10-INTELLECTUAL PROPERTY AGREEMENT",False,False
Insurance,"BERKELEYLIGHTS,INC_06_26_2020-EX-10.12-COLLABORATION AGREEMENT",True,True
Parties,"FTENETWORKS,INC_02_18_2016-EX-99.4-STRATEGIC ALLIANCE AGREEMENT",False,False
Document Name,MidwestEnergyEmissionsCorp_20080604_8-K_EX-10.2_3093976_EX-10.2_Content License Agreement,False,False
Cap On Liability,WEBHELPCOMINC_03_22_2000-EX-10.8-HOSTING AGREEMENT,True,False
Minimum Commitment,LegacyEducationAllianceInc_20200330_10-K_EX-10.18_12090678_EX-10.18_Development Agreement,False,False
Change Of Control,GarrettMotionInc_20181001_8-K_EX-2.4_11364532_EX-2.4_Intellectual Property Agreement,False,False
Document Name,VERSOTECHNOLOGIESINC_12_28_2007-EX-99.3-INTELLECTUAL PROPERTY AGREEMENT,True,True
License Grant,AlliedEsportsEntertainmentInc_20190815_8-K_EX-10.19_11788293_EX-10.19_Content License Agreement,False,False
Agreement Date,"GIGGLESN_HUGS,INC_06_23_2016-EX-10.2-STRATEGIC ALLIANCE AGREEMENT",True,False
Parties,HUBEIMINKANGPHARMACEUTICALLTD_09_19_2006-EX-10.1-OUTSOURCING AGREEMENT,False,False
Irrevocable Or Perpetual License,"PACIRA PHARMACEUTICALS, INC. - A_R STRATEGIC LICENSING, DISTRIBUTION AND MARKETING AGREEMENT",False,False
Post-Termination Services,ImpresseCorp_20000322_S-1A_EX-10.11_5199234_EX-10.11_Co-Branding Agreement,False,False
License Grant,AimmuneTherapeuticsInc_20200205_8-K_EX-10.3_11967170_EX-10.3_Development Agreement,False,False
Non-Transferable License,LejuHoldingsLtd_20140121_DRS (on F-1)_EX-10.26_8473102_EX-10.26_Content License Agreement1,True,False
Insurance,PhasebioPharmaceuticalsInc_20200330_10-K_EX-10.21_12086810_EX-10.21_Development Agreement,True,False
Ip Ownership Assignment,DigitalCinemaDestinationsCorp_20111220_S-1_EX-10.10_7346719_EX-10.10_Affiliate Agreement,True,False
Parties,IdeanomicsInc_20160330_10-K_EX-10.26_9512211_EX-10.26_Content License Agreement,False,False
Cap On Liability,AURASYSTEMSINC_06_16_2010-EX-10.25-STRATEGIC ALLIANCE AGREEMENT,False,False
Post-Termination Services,AIRSPANNETWORKSINC_04_11_2000-EX-10.5-Distributor Agreement,True,False
Governing Law,"IOVANCEBIOTHERAPEUTICS,INC_08_03_2017-EX-10.1-STRATEGIC ALLIANCE AGREEMENT",True,True
Cap On Liability,KINGPHARMACEUTICALSINC_08_09_2006-EX-10.1-PROMOTION AGREEMENT,False,False
Notice Period To Terminate Renewal,"Sonos, Inc. - Manufacturing Agreement",True,False
License Grant,"CARDAX,INC_08_19_2014-EX-10.1-COLLABORATION AGREEMENT",True,False
License Grant,VITAMINSHOPPECOMINC_09_13_1999-EX-10.26-SPONSORSHIP AGREEMENT,True,False
Non-Disparagement,URSCORPNEW_03_17_2014-EX-99-COOPERATION AGREEMENT,False,False
Revenue/Profit Sharing,CoherusBiosciencesInc_20200227_10-K_EX-10.29_12021376_EX-10.29_Development Agreement,False,False
Insurance,CardlyticsInc_20180112_S-1_EX-10.16_11002987_EX-10.16_Maintenance Agreement1,False,False
Volume Restriction,DigitalCinemaDestinationsCorp_20111220_S-1_EX-10.10_7346719_EX-10.10_Affiliate Agreement,False,False
Parties,"MEDALISTDIVERSIFIEDREIT,INC_05_18_2020-EX-10.1-CONSULTING AGREEMENT",False,False
Non-Compete,MRSFIELDSORIGINALCOOKIESINC_01_29_1998-EX-10-FRANCHISE AGREEMENT,False,False
Document Name,"ON2TECHNOLOGIES,INC_11_17_2006-EX-10.3-SUPPORT AND MAINTENANCE AGREEMENT",False,False
Parties,TELEGLOBEINTERNATIONALHOLDINGSLTD_03_29_2004-EX-10.10-CONSTRUCTION AND MAINTENANCE AGREEMENT,False,False
Minimum Commitment,UpjohnInc_20200121_10-12G_EX-2.6_11948692_EX-2.6_Manufacturing Agreement_ Supply Agreement,True,False
Parties,HEALTHGATEDATACORP_11_24_1999-EX-10.1-HOSTING AND MANAGEMENT AGREEMENT (1),False,False
Uncapped Liability,ENERGOUSCORP_03_16_2017-EX-10.24-STRATEGIC ALLIANCE AGREEMENT,True,True
Revenue/Profit Sharing,"HALITRON,INC_03_01_2005-EX-10.15-SPONSORSHIP AND DEVELOPMENT AGREEMENT",False,False
Parties,TRANSMONTAIGNEPARTNERSLLC_03_13_2020-EX-10.9-SERVICES AGREEMENT,True,True
Effective Date,"Array BioPharma Inc. - LICENSE, DEVELOPMENT AND COMMERCIALIZATION AGREEMENT",True,False
Document Name,PacificapEntertainmentHoldingsInc_20051115_8-KA_EX-1.01_4300894_EX-1.01_Content License Agreement,False,False
Ip Ownership Assignment,HfEnterprisesInc_20191223_S-1_EX-10.22_11931299_EX-10.22_Development Agreement,True,False
Agreement Date,HealthcentralCom_19991108_S-1A_EX-10.27_6623292_EX-10.27_Co-Branding Agreement,False,False
Document Name,EcoScienceSolutionsInc_20180406_8-K_EX-10.1_11135398_EX-10.1_Sponsorship Agreement,False,False
Governing Law,PhasebioPharmaceuticalsInc_20200330_10-K_EX-10.21_12086810_EX-10.21_Development Agreement,True,False
Cap On Liability,StaarSurgicalCompany_20180801_10-Q_EX-10.37_11289449_EX-10.37_Distributor Agreement,True,False
Effective Date,"VISIUMTECHNOLOGIES,INC_10_20_2004-EX-10.20-DISTRIBUTOR AGREEMENT",False,False
Notice Period To Terminate Renewal,VertexEnergyInc_20200113_8-K_EX-10.1_11943624_EX-10.1_Marketing Agreement,True,True
Audit Rights,Microgenics Corporation - Collaborative Development and Commercialization Agreement,True,False
Parties,ArtaraTherapeuticsInc_20200110_8-K_EX-10.5_11943350_EX-10.5_License Agreement,False,False
Anti-Assignment,ALLISONTRANSMISSIONHOLDINGSINC_12_15_2014-EX-99.1-COOPERATION AGREEMENT,True,False
Minimum Commitment,AURASYSTEMSINC_06_16_2010-EX-10.25-STRATEGIC ALLIANCE AGREEMENT,True,False
Warranty Duration,ENTERTAINMENTGAMINGASIAINC_02_15_2005-EX-10.5-DISTRIBUTOR AGREEMENT,False,False
Anti-Assignment,ReedsInc_20191113_10-Q_EX-10.4_11888303_EX-10.4_Development Agreement,True,True
Insurance,BONTONSTORESINC_04_20_2018-EX-99.3-AGENCY AGREEMENT,False,False
Minimum Commitment,"VAXCYTE,INC_05_22_2020-EX-10.19-SUPPLY AGREEMENT",True,True
License Grant,HEALTHGATEDATACORP_11_24_1999-EX-10.1-HOSTING AND MANAGEMENT AGREEMENT (1),True,False
License Grant,RevolutionMedicinesInc_20200117_S-1_EX-10.1_11948417_EX-10.1_Development Agreement,True,False
Rofr/Rofo/Rofn,GpaqAcquisitionHoldingsInc_20200123_S-4A_EX-10.6_11951677_EX-10.6_License Agreement,False,False
Parties,PareteumCorp_20081001_8-K_EX-99.1_2654808_EX-99.1_Hosting Agreement,False,False
Irrevocable Or Perpetual License,"ARMSTRONGFLOORING,INC_01_07_2019-EX-10.2-INTELLECTUAL PROPERTY AGREEMENT",True,False
Parties,LIGHTBRIDGECORP_11_23_2015-EX-10.26-STRATEGIC ALLIANCE AGREEMENT,False,False
Expiration Date,RangeResourcesLouisianaInc_20150417_8-K_EX-10.5_9045501_EX-10.5_Transportation Agreement,True,True
Rofr/Rofo/Rofn,RitterPharmaceuticalsInc_20200313_S-4A_EX-10.54_12055220_EX-10.54_Development Agreement,True,True
Agreement Date,TRICITYBANKSHARESCORP_05_15_1998-EX-10-OUTSOURCING AGREEMENT,True,False
Warranty Duration,MANUFACTURERSSERVICESLTD_06_05_2000-EX-10.14-OUTSOURCING AGREEMENT,False,False
Minimum Commitment,PlayboyEnterprisesInc_20090220_10-QA_EX-10.2_4091580_EX-10.2_Content License Agreement_ Marketing Agreement_ Sales-Purchase Agreement1,False,False
Governing Law,EmbarkComInc_19991008_S-1A_EX-10.10_6487661_EX-10.10_Co-Branding Agreement,True,True
Competitive Restriction Exception,WaterNowInc_20191120_10-Q_EX-10.12_11900227_EX-10.12_Distributor Agreement,False,False
Post-Termination Services,PhasebioPharmaceuticalsInc_20200330_10-K_EX-10.21_12086810_EX-10.21_Development Agreement,False,False
Parties,CybergyHoldingsInc_20140520_10-Q_EX-10.27_8605784_EX-10.27_Affiliate Agreement,False,False
Exclusivity,ENTERTAINMENTGAMINGASIAINC_02_15_2005-EX-10.5-DISTRIBUTOR AGREEMENT,False,False
Minimum Commitment,N2KINC_10_16_1997-EX-10.16-SPONSORSHIP AGREEMENT,False,False
Post-Termination Services,EhaveInc_20190515_20-F_EX-4.44_11678816_EX-4.44_License Agreement_ Reseller Agreement,True,False
Parties,VertexEnergyInc_20200113_8-K_EX-10.1_11943624_EX-10.1_Marketing Agreement,True,True
Revenue/Profit Sharing,FIBROGENINC_10_01_2014-EX-10.11-COLLABORATION AGREEMENT,False,False
Parties,BIOAMBERINC_04_10_2013-EX-10.34-DEVELOPMENT AGREEMENT (1),False,False
Minimum Commitment,NETGROCERINC_07_31_1998-EX-10.15-SPONSORSHIP AGREEMENT,False,False
Parties,"MetLife, Inc. - Remarketing Agreement",False,False
Parties,"ARMSTRONGFLOORING,INC_01_07_2019-EX-10.2-INTELLECTUAL PROPERTY AGREEMENT",False,False
Change Of Control,SoupmanInc_20150814_8-K_EX-10.1_9230148_EX-10.1_Franchise Agreement1,False,False
Expiration Date,GAINSCOINC_01_21_2010-EX-10.41-SPONSORSHIP AGREEMENT,True,True
Effective Date,HUBEIMINKANGPHARMACEUTICALLTD_09_19_2006-EX-10.1-OUTSOURCING AGREEMENT,False,False
Warranty Duration,TRIZETTOGROUPINC_08_18_1999-EX-10.17-TECHNICAL INFRASTRUCTURE MAINTENANCE AGREEMENT,True,False
Uncapped Liability,"BELLICUMPHARMACEUTICALS,INC_05_07_2019-EX-10.1-Supply Agreement",False,False
Expiration Date,"SPOKHOLDINGS,INC_06_19_2020-EX-10.1-COOPERATION AGREEMENT",True,False
Audit Rights,"ETELOS,INC_03_09_2004-EX-10.8-DISTRIBUTOR AGREEMENT",True,False
Non-Transferable License,RareElementResourcesLtd_20171019_SC 13D_EX-99.4_10897534_EX-99.4_Intellectual Property Agreement,False,False
Non-Transferable License,BIOAMBERINC_04_10_2013-EX-10.34-DEVELOPMENT AGREEMENT (1),False,False
Covenant Not To Sue,"HEMISPHERX - Sales, Marketing, Distribution, and Supply Agreement",False,False
Anti-Assignment,NUVEEN - REMARKETING AGREEMENT,True,True
Minimum Commitment,VERICELCORP_08_06_2019-EX-10.10-SUPPLY AGREEMENT,True,True
Ip Ownership Assignment,GarrettMotionInc_20181001_8-K_EX-2.4_11364532_EX-2.4_Intellectual Property Agreement,False,False
Rofr/Rofo/Rofn,GOLDRESOURCECORP_12_11_2008-EX-10.1-STRATEGIC ALLIANCE AGREEMENT,False,False
Revenue/Profit Sharing,CHEETAHMOBILEINC_04_22_2014-EX-10.43-Cooperation Agreement,True,False
Competitive Restriction Exception,BerkshireHillsBancorpInc_20120809_10-Q_EX-10.16_7708169_EX-10.16_Endorsement Agreement,False,False
Audit Rights,IVILLAGEINC_03_17_1999-EX-10.16-SPONSORSHIP AGREEMENT,False,False
Parties,CYBERIANOUTPOSTINC_07_09_1998-EX-10.13-PROMOTION AGREEMENT,False,False
License Grant,SPARKLINGSPRINGWATERHOLDINGSLTD_07_03_2002-EX-10.13-SOFTWARE LICENSE AND MAINTENANCE AGREEMENT,False,False
Parties,CHANGEPOINTCORP_03_08_2000-EX-10.6-LICENSE AND HOSTING AGREEMENT,False,False
Termination For Convenience,SLINGERBAGINC_05_27_2020-EX-10.7-CONSULTING AGREEMENT,True,False
Anti-Assignment,"IPAYMENT,INC_05_14_2007-EX-10.1-SPONSORSHIP AGREEMENT",False,False
Cap On Liability,"VAXCYTE,INC_05_22_2020-EX-10.19-SUPPLY AGREEMENT",False,False
Warranty Duration,NEONSYSTEMSINC_03_01_1999-EX-10.5-DISTRIBUTOR AGREEMENT_New,True,False
Irrevocable Or Perpetual License,RareElementResourcesLtd_20171019_SC 13D_EX-99.4_10897534_EX-99.4_Intellectual Property Agreement,False,False
Anti-Assignment,LegacyEducationAllianceInc_20200330_10-K_EX-10.18_12090678_EX-10.18_Development Agreement,True,True
Parties,FIBROGENINC_10_01_2014-EX-10.11-COLLABORATION AGREEMENT,False,False
Source Code Escrow,CardlyticsInc_20180112_S-1_EX-10.16_11002987_EX-10.16_Maintenance Agreement1,True,False
Liquidated Damages,GRANTIERRAENERGYINC_05_07_2012-EX-10.6-TRANSPORTATION CONTRACT,False,False
Anti-Assignment,"OASYSMOBILE,INC_07_05_2001-EX-10.17-OUTSOURCING AGREEMENT",True,False
Revenue/Profit Sharing,KINGPHARMACEUTICALSINC_08_09_2006-EX-10.1-PROMOTION AGREEMENT,False,False
Parties,PlayboyEnterprisesInc_20090220_10-QA_EX-10.2_4091580_EX-10.2_Content License Agreement_ Marketing Agreement_ Sales-Purchase Agreement2,False,False
License Grant,"ADIANUTRITION,INC_04_01_2005-EX-10.D2-RESELLER AGREEMENT",True,False
Minimum Commitment,CHINARECYCLINGENERGYCORP_11_14_2013-EX-10.6-Cooperation Agreement,True,False
Renewal Term,"OMINTO,INC_03_29_2004-EX-10-RESELLER AGREEMENT",True,True
Anti-Assignment,WaterNowInc_20191120_10-Q_EX-10.12_11900227_EX-10.12_Distributor Agreement,True,False
Parties,SFGFINANCIALCORP_05_12_2009-EX-10.1-SOFTWARE LICENSE AND MAINTENANCE AGREEMENT,False,False
Audit Rights,OFGBANCORP_03_28_2007-EX-10.23-OUTSOURCING AGREEMENT,True,False
Exclusivity,AimmuneTherapeuticsInc_20200205_8-K_EX-10.3_11967170_EX-10.3_Development Agreement,False,False
Competitive Restriction Exception,UpjohnInc_20200121_10-12G_EX-2.6_11948692_EX-2.6_Manufacturing Agreement_ Supply Agreement,False,False
Ip Ownership Assignment,"MEDALISTDIVERSIFIEDREIT,INC_05_18_2020-EX-10.1-CONSULTING AGREEMENT",False,False
Document Name,IntegrityMediaInc_20010329_10-K405_EX-10.17_2373875_EX-10.17_Co-Branding Agreement,False,False
Exclusivity,RemarkHoldingsInc_20081114_10-Q_EX-10.24_2895649_EX-10.24_Content License Agreement,False,False
License Grant,"Array BioPharma Inc. - LICENSE, DEVELOPMENT AND COMMERCIALIZATION AGREEMENT",False,False
Audit Rights,ZogenixInc_20190509_10-Q_EX-10.2_11663313_EX-10.2_Distributor Agreement,True,True
Exclusivity,"XLITECHNOLOGIES,INC_12_02_2015-EX-10.02-STRATEGIC ALLIANCE AGREEMENT",True,False
License Grant,TodosMedicalLtd_20190328_20-F_EX-4.10_11587157_EX-4.10_Marketing Agreement_ Reseller Agreement,True,False
Cap On Liability,NEONSYSTEMSINC_03_01_1999-EX-10.5-DISTRIBUTOR AGREEMENT_New,True,True
Insurance,VERTEXENERGYINC_08_14_2014-EX-10.24-OPERATION AND MAINTENANCE AGREEMENT,False,False
Exclusivity,PacificapEntertainmentHoldingsInc_20051115_8-KA_EX-1.01_4300894_EX-1.01_Content License Agreement,False,False
Change Of Control,ZEBRATECHNOLOGIESCORP_04_16_2014-EX-10.1-INTELLECTUAL PROPERTY AGREEMENT,True,False
Exclusivity,NlsPharmaceuticsLtd_20200228_F-1_EX-10.14_12029046_EX-10.14_Development Agreement,True,False
Parties,ZONDWINDSYSTEMPARTNERSLTDSERIES85-B_04_03_2006-EX-10-MANAGEMENT AND MAINTENANCE AGREEMENT,False,False
Insurance,MOSSIMOINC_04_14_2000-EX-10.14-ENDORSEMENT AGREEMENT,True,True
Insurance,AMBASSADOREYEWEARGROUPINC_11_17_1997-EX-10.28-ENDORSEMENT AGREEMENT,True,False
Change Of Control,InvendaCorp_20000828_S-1A_EX-10.2_2588206_EX-10.2_Co-Branding Agreement,False,False
Parties,ASPIRITYHOLDINGSLLC_05_07_2012-EX-10.6-OUTSOURCING AGREEMENT,False,False
Expiration Date,GridironBionutrientsInc_20171206_8-K_EX-10.1_10972555_EX-10.1_Endorsement Agreement,True,True
Parties,SEASPINEHOLDINGSCORP_10_10_2018-EX-10.1-SUPPLY AGREEMENT,False,False
Ip Ownership Assignment,TomOnlineInc_20060501_20-F_EX-4.46_749700_EX-4.46_Co-Branding Agreement,False,False
Parties,LECLANCHÉ S.A. - JOINT DEVELOPMENT AND MARKETING AGREEMENT,False,False
No-Solicit Of Employees,CoherusBiosciencesInc_20200227_10-K_EX-10.29_12021376_EX-10.29_Development Agreement,True,True
Parties,GlobalTechnologiesGroupInc_20050928_10KSB_EX-10.9_4148808_EX-10.9_Content License Agreement,False,False
Minimum Commitment,IMAGEWARESYSTEMSINC_12_20_1999-EX-10.22-MAINTENANCE AGREEMENT,False,False
Affiliate License-Licensor,ArmstrongFlooringInc_20190107_8-K_EX-10.2_11471795_EX-10.2_Intellectual Property Agreement,False,False
Parties,NlsPharmaceuticsLtd_20200228_F-1_EX-10.14_12029046_EX-10.14_Development Agreement,False,False
Parties,EmbarkComInc_19991008_S-1A_EX-10.10_6487661_EX-10.10_Co-Branding Agreement,True,False
Document Name,STWRESOURCESHOLDINGCORP_08_06_2014-EX-10.1-COOPERATION AGREEMENT,False,False
Document Name,InnerscopeHearingTechnologiesInc_20181109_8-K_EX-10.6_11419704_EX-10.6_Distributor Agreement,True,False
Anti-Assignment,BUFFALOWILDWINGSINC_06_05_1998-EX-10.3-FRANCHISE AGREEMENT,True,False
Effective Date,BIOAMBERINC_04_10_2013-EX-10.34-DEVELOPMENT AGREEMENT - First Amendment,True,False
Parties,OFGBANCORP_03_28_2007-EX-10.23-OUTSOURCING AGREEMENT,False,False
Parties,UAGHINC_04_14_2004-EX-10.18-MAINTENANCE AGREEMENT,False,False
Irrevocable Or Perpetual License,MACROGENICSINC_08_02_2013-EX-10-COLLABORATION AGREEMENT,False,False
Insurance,GridironBionutrientsInc_20171206_8-K_EX-10.1_10972555_EX-10.1_Endorsement Agreement,True,True
Revenue/Profit Sharing,InvendaCorp_20000828_S-1A_EX-10.2_2588206_EX-10.2_Co-Branding Agreement,False,False
Exclusivity,"NETGEAR,INC_04_21_2003-EX-10.16-AMENDMENT TO THE DISTRIBUTOR AGREEMENT BETWEEN INGRAM MICRO AND NETGEAR",True,False
Audit Rights,FIBROGENINC_10_01_2014-EX-10.11-COLLABORATION AGREEMENT,False,False
Exclusivity,AMBASSADOREYEWEARGROUPINC_11_17_1997-EX-10.28-ENDORSEMENT AGREEMENT,True,False
Expiration Date,MusclepharmCorp_20170208_10-KA_EX-10.38_9893581_EX-10.38_Co-Branding Agreement,True,False
Cap On Liability,SFGFINANCIALCORP_05_12_2009-EX-10.1-SOFTWARE LICENSE AND MAINTENANCE AGREEMENT,True,False
Anti-Assignment,KINGPHARMACEUTICALSINC_08_09_2006-EX-10.1-PROMOTION AGREEMENT,True,True
Source Code Escrow,CardlyticsInc_20180112_S-1_EX-10.16_11002987_EX-10.16_Maintenance Agreement1,True,False
Revenue/Profit Sharing,StampscomInc_20001114_10-Q_EX-10.47_2631630_EX-10.47_Co-Branding Agreement,False,False
Anti-Assignment,"MEDALISTDIVERSIFIEDREIT,INC_05_18_2020-EX-10.1-CONSULTING AGREEMENT",True,False
Revenue/Profit Sharing,ExactSciencesCorp_20180822_8-K_EX-10.1_11331629_EX-10.1_Promotion Agreement,False,False
Anti-Assignment,CytodynInc_20200109_10-Q_EX-10.5_11941634_EX-10.5_License Agreement,False,False
Audit Rights,SteelVaultCorp_20081224_10-K_EX-10.16_3074935_EX-10.16_Affiliate Agreement,True,False
Audit Rights,ImineCorp_20180725_S-1_EX-10.5_11275970_EX-10.5_Distributor Agreement,False,False
Parties,BellringBrandsInc_20190920_S-1_EX-10.12_11817081_EX-10.12_Manufacturing Agreement3,False,False
Expiration Date,"SightLife Surgical, Inc. - STRATEGIC SALES _ MARKETING AGREEMENT",True,True
Revenue/Profit Sharing,VertexEnergyInc_20200113_8-K_EX-10.1_11943624_EX-10.1_Marketing Agreement,False,False
License Grant,ENERGOUSCORP_03_16_2017-EX-10.24-STRATEGIC ALLIANCE AGREEMENT,False,False
Parties,GluMobileInc_20070319_S-1A_EX-10.09_436630_EX-10.09_Content License Agreement4,False,False
Anti-Assignment,RandWorldwideInc_20010402_8-KA_EX-10.2_2102464_EX-10.2_Co-Branding Agreement,False,False
Anti-Assignment,ACCURAYINC_09_01_2010-EX-10.31-DISTRIBUTOR AGREEMENT,False,False
Parties,WaterNowInc_20191120_10-Q_EX-10.12_11900227_EX-10.12_Distributor Agreement,True,False
Parties,"VEONEER,INC_02_21_2020-EX-10.11-JOINT VENTURE AGREEMENT",True,False
Third Party Beneficiary,BUFFALOWILDWINGSINC_06_05_1998-EX-10.3-FRANCHISE AGREEMENT,False,False
Parties,BLUEFLYINC_03_27_2002-EX-10.27-e-business Hosting Agreement,True,True
Insurance,"FTENETWORKS,INC_02_18_2016-EX-99.4-STRATEGIC ALLIANCE AGREEMENT",True,False
Effective Date,FLOTEKINDUSTRIESINCCN_05_09_2019-EX-10.1-SUPPLY AGREEMENT,False,False
Warranty Duration,AgapeAtpCorp_20191202_10-KA_EX-10.1_11911128_EX-10.1_Supply Agreement,True,False
Governing Law,WestPharmaceuticalServicesInc_20200116_8-K_EX-10.1_11947529_EX-10.1_Supply Agreement,True,False
Affiliate License-Licensor,ArmstrongFlooringInc_20190107_8-K_EX-10.2_11471795_EX-10.2_Intellectual Property Agreement,True,True
Agreement Date,"NOVOINTEGRATEDSCIENCES,INC_12_23_2019-EX-10.1-JOINT VENTURE AGREEMENT",False,False
Effective Date,BLACKROCKMUNIHOLDINGSINVESTMENTQUALITYFUND_04_07_2020-EX-99.01-JOINT FILING AGREEMENT,True,False
Anti-Assignment,BEYONDCOMCORP_08_03_2000-EX-10.2-CO-HOSTING AGREEMENT,True,True
Revenue/Profit Sharing,PaperexchangeComInc_20000322_S-1A_EX-10.4_5202103_EX-10.4_Co-Branding Agreement,True,True
Change Of Control,ENERGOUSCORP_03_16_2017-EX-10.24-STRATEGIC ALLIANCE AGREEMENT,False,False
Minimum Commitment,EtonPharmaceuticalsInc_20191114_10-Q_EX-10.1_11893941_EX-10.1_Development Agreement,False,False
Insurance,WPPPLC_04_30_2020-EX-4.28-SERVICE AGREEMENT,True,False
Minimum Commitment,SUMMAFOURINC_06_19_1998-EX-10.3-SOFTWARE LICENSE AND MAINTENANCE AGREEMENT,True,False
Affiliate License-Licensee,"BELLICUMPHARMACEUTICALS,INC_05_07_2019-EX-10.1-Supply Agreement",False,False
Anti-Assignment,"SPOKHOLDINGS,INC_06_19_2020-EX-10.1-COOPERATION AGREEMENT",True,True
Effective Date,NYLIACVARIABLEANNUITYSEPARATEACCOUNTIII_04_10_2020-EX-99.8.KK-SERVICE AGREEMENT,True,False
Audit Rights,AudibleInc_20001113_10-Q_EX-10.32_2599586_EX-10.32_Co-Branding Agreement_ Marketing Agreement_ Investment Distribution Agreement,True,True
License Grant,"DRIVENDELIVERIES,INC_05_22_2020-EX-10.4-CONSULTING AGREEMENT",True,True
Exclusivity,AIRTECHINTERNATIONALGROUPINC_05_08_2000-EX-10.4-FRANCHISE AGREEMENT,False,False
Parties,HEALTHGATEDATACORP_11_24_1999-EX-10.1-HOSTING AND MANAGEMENT AGREEMENT (1),False,False
Parties,Apollo Endosurgery - Manufacturing and Supply Agreement,False,False
Parties,VirtuosoSurgicalInc_20191227_1-A_EX1A-6 MAT CTRCT_11933379_EX1A-6 MAT CTRCT_License Agreement,True,False
Insurance,FLOTEKINDUSTRIESINCCN_05_09_2019-EX-10.1-SUPPLY AGREEMENT,False,False
Exclusivity,NeoformaInc_19991202_S-1A_EX-10.26_5224521_EX-10.26_Co-Branding Agreement,False,False
Document Name,ALLISONTRANSMISSIONHOLDINGSINC_12_15_2014-EX-99.1-COOPERATION AGREEMENT,True,False
Most Favored Nation,GOLDRESOURCECORP_12_11_2008-EX-10.1-STRATEGIC ALLIANCE AGREEMENT,False,False
Cap On Liability,PhasebioPharmaceuticalsInc_20200330_10-K_EX-10.21_12086810_EX-10.21_Development Agreement,True,False
Parties,"MJBIOTECH,INC_12_06_2018-EX-99.01-JOINT VENTURE AGREEMENT",True,False
Audit Rights,ANIXABIOSCIENCESINC_06_09_2020-EX-10.1-COLLABORATION AGREEMENT,False,False
Termination For Convenience,"MJBIOTECH,INC_12_06_2018-EX-99.01-JOINT VENTURE AGREEMENT",True,False
Parties,STWRESOURCESHOLDINGCORP_08_06_2014-EX-10.1-COOPERATION AGREEMENT,False,False
Renewal Term,SLOVAKWIRELESSFINANCECOBV_03_28_2001-EX-4.(B)(II).3-Maintenance and support contract for SICAP(R) modules,True,True
Insurance,"MEDALISTDIVERSIFIEDREIT,INC_05_18_2020-EX-10.1-CONSULTING AGREEMENT",True,True
Governing Law,EdietsComInc_20001030_10QSB_EX-10.4_2606646_EX-10.4_Co-Branding Agreement,True,False
Parties,ReynoldsConsumerProductsInc_20191115_S-1_EX-10.18_11896469_EX-10.18_Supply Agreement,True,False
Irrevocable Or Perpetual License,ArmstrongFlooringInc_20190107_8-K_EX-10.2_11471795_EX-10.2_Intellectual Property Agreement,True,False
Agreement Date,MARTINMIDSTREAMPARTNERSLP_01_23_2004-EX-10.3-TRANSPORTATION SERVICES AGREEMENT,True,True
Non-Transferable License,AtnInternationalInc_20191108_10-Q_EX-10.1_11878541_EX-10.1_Maintenance Agreement,False,False
Post-Termination Services,SMITHELECTRICVEHICLESCORP_04_04_2012-EX-10.26-FLEET MAINTENANCE AGREEMENT,False,False
License Grant,ChinaRealEstateInformationCorp_20090929_F-1_EX-10.32_4771615_EX-10.32_Content License Agreement,False,False
Liquidated Damages,"MEDALISTDIVERSIFIEDREIT,INC_05_18_2020-EX-10.1-CONSULTING AGREEMENT",True,True
Renewal Term,VnueInc_20150914_8-K_EX-10.1_9259571_EX-10.1_Promotion Agreement,True,True
Renewal Term,PareteumCorp_20081001_8-K_EX-99.1_2654808_EX-99.1_Hosting Agreement,True,False
Parties,AimmuneTherapeuticsInc_20200205_8-K_EX-10.3_11967170_EX-10.3_Development Agreement,True,False
Cap On Liability,ACCURAYINC_09_01_2010-EX-10.31-DISTRIBUTOR AGREEMENT,False,False
License Grant,"XLITECHNOLOGIES,INC_12_11_2015-EX-10.1-Sponsorship Agreement",False,False
Minimum Commitment,MEDIWOUNDLTD_01_15_2014-EX-10.6-SUPPLY AGREEMENT,False,False
Audit Rights,INTERNATIONALFASTFOODCORP_04_04_1997-EX-99-FRANCHISE AGREEMENT,False,False
Insurance,ELANDIAINTERNATIONALINC_04_25_2007-EX-10.21-Outsourcing Agreement,True,False
License Grant,PlayboyEnterprisesInc_20090220_10-QA_EX-10.2_4091580_EX-10.2_Content License Agreement_ Marketing Agreement_ Sales-Purchase Agreement1,False,False
Uncapped Liability,UpjohnInc_20200121_10-12G_EX-2.6_11948692_EX-2.6_Manufacturing Agreement_ Supply Agreement,True,False
Agreement Date,GULFSOUTHMEDICALSUPPLYINC_12_24_1997-EX-4-AFFILIATE AGREEMENT,True,False
Termination For Convenience,CENTRACKINTERNATIONALINC_10_29_1999-EX-10.3-WEB SITE HOSTING AGREEMENT,True,False
Effective Date,DeltathreeInc_19991102_S-1A_EX-10.19_6227850_EX-10.19_Co-Branding Agreement_ Service Agreement,False,False
Parties,SANDRIDGEENERGYINC_08_06_2009-EX-10.6-OPERATIONS AND MAINTENANCE AGREEMENT,False,False
Covenant Not To Sue,ImineCorp_20180725_S-1_EX-10.5_11275970_EX-10.5_Distributor Agreement,False,False
Parties,ATENTOSA_07_06_2020-EX-99.1-JOINT FILING AGREEMENT,True,True
Revenue/Profit Sharing,IdeanomicsInc_20151124_8-K_EX-10.2_9354744_EX-10.2_Content License Agreement,True,False
License Grant,RemarkHoldingsInc_20081114_10-Q_EX-10.24_2895649_EX-10.24_Content License Agreement,False,False
Agreement Date,VertexEnergyInc_20200113_8-K_EX-10.1_11943624_EX-10.1_Marketing Agreement,True,False
Parties,XENCORINC_10_25_2013-EX-10.24-COLLABORATION AGREEMENT (3),False,False
Change Of Control,BIOCEPTINC_08_19_2013-EX-10-COLLABORATION AGREEMENT,True,False
Uncapped Liability,ImpresseCorp_20000322_S-1A_EX-10.11_5199234_EX-10.11_Co-Branding Agreement,True,False
Exclusivity,MEDIWOUNDLTD_01_15_2014-EX-10.6-SUPPLY AGREEMENT,False,False
Price Restrictions,GentechHoldingsInc_20190808_1-A_EX1A-6 MAT CTRCT_11776814_EX1A-6 MAT CTRCT_Distributor Agreement,False,False
Governing Law,PfHospitalityGroupInc_20150923_10-12G_EX-10.1_9266710_EX-10.1_Franchise Agreement1,True,True
Rofr/Rofo/Rofn,ENERGOUSCORP_03_16_2017-EX-10.24-STRATEGIC ALLIANCE AGREEMENT,False,False
Cap On Liability,EhaveInc_20190515_20-F_EX-4.44_11678816_EX-4.44_License Agreement_ Reseller Agreement,True,True
Governing Law,StaarSurgicalCompany_20180801_10-Q_EX-10.37_11289449_EX-10.37_Distributor Agreement,False,False
Parties,ReedsInc_20191113_10-Q_EX-10.4_11888303_EX-10.4_Development Agreement,False,False
Cap On Liability,IMAGEWARESYSTEMSINC_12_20_1999-EX-10.22-MAINTENANCE AGREEMENT,True,True
Document Name,LeadersonlineInc_20000427_S-1A_EX-10.8_4991089_EX-10.8_Co-Branding Agreement,True,False
Parties,EmeraldHealthBioceuticalsInc_20200218_1-A_EX1A-6 MAT CTRCT_11987205_EX1A-6 MAT CTRCT_Development Agreement,False,False
Anti-Assignment,ConformisInc_20191101_10-Q_EX-10.6_11861402_EX-10.6_Development Agreement,True,False
Parties,INKTOMICORP_06_08_1998-EX-10.14-SOFTWARE HOSTING AGREEMENT,True,False
Warranty Duration,LIMEENERGYCO_09_09_1999-EX-10-DISTRIBUTOR AGREEMENT,True,False
Parties,FEDERATEDGOVERNMENTINCOMESECURITIESINC_04_28_2020-EX-99.SERV AGREE-SERVICES AGREEMENT_AMENDMENT,True,False
License Grant,"FOUNDATIONMEDICINE,INC_02_02_2015-EX-10.2-Collaboration Agreement",False,False
Ip Ownership Assignment,"GIGGLESN_HUGS,INC_06_23_2016-EX-10.2-STRATEGIC ALLIANCE AGREEMENT",True,False
Document Name,CHAPARRALRESOURCESINC_03_30_2000-EX-10.66-TRANSPORTATION CONTRACT,True,False
Ip Ownership Assignment,"SightLife Surgical, Inc. - STRATEGIC SALES _ MARKETING AGREEMENT",False,False
Ip Ownership Assignment,ANIXABIOSCIENCESINC_06_09_2020-EX-10.1-COLLABORATION AGREEMENT,False,False
Ip Ownership Assignment,XpresspaGroupInc_20190401_10-K_EX-10.28_11599457_EX-10.28_Marketing Agreement,True,False
Change Of Control,"BABCOCK_WILCOXENTERPRISES,INC_08_04_2015-EX-10.17-INTELLECTUAL PROPERTY AGREEMENT between THE BABCOCK _ WILCOX COMPANY and BABCOCK _ WILCOX ENTERPRISES, INC.",False,False
Parties,SFGFINANCIALCORP_05_12_2009-EX-10.1-SOFTWARE LICENSE AND MAINTENANCE AGREEMENT,False,False
Change Of Control,"VIRTUALSCOPICS,INC_11_12_2010-EX-10.1-STRATEGIC ALLIANCE AGREEMENT",True,True
Competitive Restriction Exception,HealthcentralCom_19991108_S-1A_EX-10.27_6623292_EX-10.27_Co-Branding Agreement,False,False
Notice Period To Terminate Renewal,RandWorldwideInc_20010402_8-KA_EX-10.2_2102464_EX-10.2_Co-Branding Agreement,True,True
Governing Law,ScansourceInc_20190509_10-Q_EX-10.2_11661422_EX-10.2_Distributor Agreement,False,False
Parties,BIOAMBERINC_04_10_2013-EX-10.34-DEVELOPMENT AGREEMENT - First Amendment,True,True
Insurance,PfHospitalityGroupInc_20150923_10-12G_EX-10.1_9266710_EX-10.1_Franchise Agreement1,False,False
Exclusivity,EhaveInc_20190515_20-F_EX-4.44_11678816_EX-4.44_License Agreement_ Reseller Agreement,True,False
Expiration Date,Microgenics Corporation - Collaborative Development and Commercialization Agreement,False,False
Warranty Duration,"VISIUMTECHNOLOGIES,INC_10_20_2004-EX-10.20-DISTRIBUTOR AGREEMENT",True,True
Insurance,ELANDIAINTERNATIONALINC_04_25_2007-EX-10.21-Outsourcing Agreement,True,False
Revenue/Profit Sharing,OLDAPIWIND-DOWNLTD_01_08_2016-EX-1.3-AGENCY AGREEMENT1,False,False
Exclusivity,LIMEENERGYCO_09_09_1999-EX-10-DISTRIBUTOR AGREEMENT,False,False
Insurance,AzulSa_20170303_F-1A_EX-10.3_9943903_EX-10.3_Maintenance Agreement1,True,True
Audit Rights,AtnInternationalInc_20191108_10-Q_EX-10.1_11878541_EX-10.1_Maintenance Agreement,True,True
Document Name,USASYNTHETICFUELCORP_10_21_2010-EX-10.10-STRATEGIC ALLIANCE AGREEMENT,False,False
Non-Transferable License,ACCURAYINC_09_01_2010-EX-10.31-DISTRIBUTOR AGREEMENT,True,True
Parties,"UNITEDNATIONALBANCORP_03_03_1999-EX-99-Outsourcing Agreement with the BISYS Group, Inc.",True,False
Competitive Restriction Exception,NeoformaInc_19991202_S-1A_EX-10.26_5224521_EX-10.26_Co-Branding Agreement,False,False
Revenue/Profit Sharing,RevolutionMedicinesInc_20200117_S-1_EX-10.1_11948417_EX-10.1_Development Agreement,False,False
Effective Date,GLOBALTECHNOLOGIESLTD_06_08_2020-EX-10.16-CONSULTING AGREEMENT,False,False
Cap On Liability,StampscomInc_20001114_10-Q_EX-10.47_2631630_EX-10.47_Co-Branding Agreement,False,False
Anti-Assignment,GluMobileInc_20070319_S-1A_EX-10.09_436630_EX-10.09_Content License Agreement1,True,False
Anti-Assignment,AzulSa_20170303_F-1A_EX-10.3_9943903_EX-10.3_Maintenance Agreement1,True,True
Termination For Convenience,UAGHINC_04_14_2004-EX-10.18-MAINTENANCE AGREEMENT,True,False
Parties,TubeMediaCorp_20060310_8-K_EX-10.1_513921_EX-10.1_Affiliate Agreement,False,False
License Grant,CybergyHoldingsInc_20140520_10-Q_EX-10.27_8605784_EX-10.27_Affiliate Agreement,True,False
Anti-Assignment,ANIXABIOSCIENCESINC_06_09_2020-EX-10.1-COLLABORATION AGREEMENT,True,True
Parties,GLOBALTECHNOLOGIESLTD_06_08_2020-EX-10.16-CONSULTING AGREEMENT,False,False
Parties,NmfSlfIInc_20200115_10-12GA_EX-10.5_11946987_EX-10.5_Trademark License Agreement,True,False
Post-Termination Services,RevolutionMedicinesInc_20200117_S-1_EX-10.1_11948417_EX-10.1_Development Agreement,False,False
Parties,"CURAEGISTECHNOLOGIES,INC_05_26_2010-EX-1-CORPORATE SPONSORSHIP AGREEMENT",False,False
Post-Termination Services,ADAPTIMMUNETHERAPEUTICSPLC_04_06_2017-EX-10.11-STRATEGIC ALLIANCE AGREEMENT,False,False
Non-Compete,RevolutionMedicinesInc_20200117_S-1_EX-10.1_11948417_EX-10.1_Development Agreement,False,False
Non-Transferable License,RareElementResourcesLtd_20171019_SC 13D_EX-99.4_10897534_EX-99.4_Intellectual Property Agreement,True,True
Volume Restriction,TubeMediaCorp_20060310_8-K_EX-10.1_513921_EX-10.1_Affiliate Agreement,False,False
Audit Rights,RevolutionMedicinesInc_20200117_S-1_EX-10.1_11948417_EX-10.1_Development Agreement,True,True
License Grant,NlsPharmaceuticsLtd_20200228_F-1_EX-10.14_12029046_EX-10.14_Development Agreement,False,False
No-Solicit Of Customers,BOLIVARMININGCORP_05_23_2003-EX-2.1-VISP WEB SITE BUILDING AND HOSTING AGREEMENT,False,False
Warranty Duration,NICELTD_06_26_2003-EX-4.5-OUTSOURCING AGREEMENT,True,False
Parties,"ADIANUTRITION,INC_04_01_2005-EX-10.D2-RESELLER AGREEMENT",False,False
Rofr/Rofo/Rofn,EmbarkComInc_19991008_S-1A_EX-10.10_6487661_EX-10.10_Co-Branding Agreement,False,False
Non-Transferable License,"OASYSMOBILE,INC_07_05_2001-EX-10.17-OUTSOURCING AGREEMENT",True,False
Uncapped Liability,"VAPOTHERM, INC. - Manufacturing and Supply Agreement",True,True
Non-Compete,RemarkHoldingsInc_20081114_10-Q_EX-10.24_2895649_EX-10.24_Content License Agreement,False,False
Exclusivity,XinhuaSportsEntertainmentLtd_20070221_F-1_EX-99.4_645553_EX-99.4_Content License Agreement,True,False
Insurance,TubeMediaCorp_20060310_8-K_EX-10.1_513921_EX-10.1_Affiliate Agreement,True,True
Renewal Term,EuromediaHoldingsCorp_20070215_10SB12G_EX-10.B(01)_525118_EX-10.B(01)_Content License Agreement,True,False
Parties,RandWorldwideInc_20010402_8-KA_EX-10.2_2102464_EX-10.2_Co-Branding Agreement,False,False
Insurance,SANDRIDGEENERGYINC_08_06_2009-EX-10.6-OPERATIONS AND MAINTENANCE AGREEMENT,False,False
Parties,ZONDWINDSYSTEMPARTNERSLTDSERIES85-B_04_03_2006-EX-10-MANAGEMENT AND MAINTENANCE AGREEMENT,False,False
Anti-Assignment,InnerscopeHearingTechnologiesInc_20181109_8-K_EX-10.6_11419704_EX-10.6_Distributor Agreement,False,False
Effective Date,GopageCorp_20140221_10-K_EX-10.1_8432966_EX-10.1_Content License Agreement,False,False
Anti-Assignment,FIBROGENINC_10_01_2014-EX-10.11-COLLABORATION AGREEMENT,True,True
Parties,LUCIDINC_04_15_2011-EX-10.9-DISTRIBUTOR AGREEMENT,True,True
Governing Law,PcquoteComInc_19990721_S-1A_EX-10.11_6377149_EX-10.11_Co-Branding Agreement1,True,True
Parties,VARIABLESEPARATEACCOUNT_04_30_2014-EX-13.C-UNCONDITIONAL CAPITAL MAINTENANCE AGREEMENT,False,False
Anti-Assignment,AimmuneTherapeuticsInc_20200205_8-K_EX-10.3_11967170_EX-10.3_Development Agreement,True,False
Expiration Date,"ADIANUTRITION,INC_04_01_2005-EX-10.D2-RESELLER AGREEMENT",True,False
Revenue/Profit Sharing,EuromediaHoldingsCorp_20070215_10SB12G_EX-10.B(01)_525118_EX-10.B(01)_Content License Agreement,False,False
Post-Termination Services,BellringBrandsInc_20190920_S-1_EX-10.12_11817081_EX-10.12_Manufacturing Agreement1,False,False
Renewal Term,BLACKBOXSTOCKSINC_08_05_2014-EX-10.1-DISTRIBUTOR AGREEMENT,True,False
Parties,HEALTHGATEDATACORP_11_24_1999-EX-10.1-HOSTING AND MANAGEMENT AGREEMENT (1),False,False
Revenue/Profit Sharing,CORIOINC_07_20_2000-EX-10.5-LICENSE AND HOSTING AGREEMENT,False,False
Audit Rights,PfHospitalityGroupInc_20150923_10-12G_EX-10.1_9266710_EX-10.1_Franchise Agreement1,True,True
Irrevocable Or Perpetual License,"ARMSTRONGFLOORING,INC_01_07_2019-EX-10.2-INTELLECTUAL PROPERTY AGREEMENT",False,False
Parties,Cerus Corporation - FIRST AMEND TO SUPPLY AND MANUFACTURING AGREEMENT,True,True
Parties,PenntexMidstreamPartnersLp_20150416_S-1A_EX-10.4_9042833_EX-10.4_Transportation Agreement,True,False
Liquidated Damages,SENMIAOTECHNOLOGYLTD_02_19_2019-EX-10.5-Collaboration Agreement,False,False
License Grant,SUMMAFOURINC_06_19_1998-EX-10.3-SOFTWARE LICENSE AND MAINTENANCE AGREEMENT,False,False
Anti-Assignment,DYNTEKINC_07_30_1999-EX-10-ONLINE HOSTING AGREEMENT,True,False
License Grant,FuelcellEnergyInc_20191106_8-K_EX-10.1_11868007_EX-10.1_Development Agreement,False,False
Volume Restriction,RangeResourcesLouisianaInc_20150417_8-K_EX-10.5_9045501_EX-10.5_Transportation Agreement,False,False
Governing Law,ScansourceInc_20190822_10-K_EX-10.38_11793958_EX-10.38_Distributor Agreement2,False,False
License Grant,ImpresseCorp_20000322_S-1A_EX-10.11_5199234_EX-10.11_Co-Branding Agreement,False,False
Effective Date,"NETGEAR,INC_04_21_2003-EX-10.16-DISTRIBUTOR AGREEMENT",False,False
License Grant,"Magenta Therapeutics, Inc. - Master Development and Manufacturing Agreement",True,False
Parties,XpresspaGroupInc_20190401_10-K_EX-10.28_11599457_EX-10.28_Marketing Agreement,True,False
Revenue/Profit Sharing,"ASHWORTHINC_01_29_1999-EX-10.(D)-PROMOTION AGREEMENT AND NANTZ COMMUNICATIONS, INC.",False,False
Document Name,"HALITRON,INC_03_01_2005-EX-10.15-SPONSORSHIP AND DEVELOPMENT AGREEMENT",False,False
Exclusivity,ZogenixInc_20190509_10-Q_EX-10.2_11663313_EX-10.2_Distributor Agreement,False,False
Parties,PcquoteComInc_19990721_S-1A_EX-10.11_6377149_EX-10.11_Co-Branding Agreement3,True,True
Joint Ip Ownership,LinkPlusCorp_20050802_8-K_EX-10_3240252_EX-10_Affiliate Agreement,True,False
Effective Date,"SOLUTIONSVENDINGINTERNATIONAL,INC_03_31_2020-EX1A-1 UNDR AGMT-SERVICES AGREEMENT",True,False
Parties,GridironBionutrientsInc_20171206_8-K_EX-10.2_10972556_EX-10.2_Endorsement Agreement,True,True
Governing Law,"GSITECHNOLOGYINC_11_16_2009-EX-10.2-INTELLECTUAL PROPERTY AGREEMENT between SONY ELECTRONICS INC. and GSI TECHNOLOGY, INC.",True,True
Parties,STARTECGLOBALCOMMUNICATIONSCORP_11_16_1998-EX-10.30-CONSTRUCTION AND MAINTENANCE AGREEMENT,False,False
Non-Transferable License,VirtuosoSurgicalInc_20191227_1-A_EX1A-6 MAT CTRCT_11933379_EX1A-6 MAT CTRCT_License Agreement,True,False
Change Of Control,"GSITECHNOLOGYINC_11_16_2009-EX-10.2-INTELLECTUAL PROPERTY AGREEMENT between SONY ELECTRONICS INC. and GSI TECHNOLOGY, INC.",True,False
Insurance,BONTONSTORESINC_04_20_2018-EX-99.3-AGENCY AGREEMENT,True,False
Parties,ZtoExpressCaymanInc_20160930_F-1_EX-10.10_9752871_EX-10.10_Transportation Agreement,True,False
License Grant,"FIDELITYNATIONALINFORMATIONSERVICES,INC_08_05_2009-EX-10.3-INTELLECTUAL PROPERTY AGREEMENT",False,False
Insurance,ZtoExpressCaymanInc_20160930_F-1_EX-10.10_9752871_EX-10.10_Transportation Agreement,True,True
Rofr/Rofo/Rofn,INTERNATIONALFASTFOODCORP_04_04_1997-EX-99-FRANCHISE AGREEMENT,False,False
Warranty Duration,"BELLICUMPHARMACEUTICALS,INC_05_07_2019-EX-10.1-Supply Agreement",False,False
Uncapped Liability,"BERKELEYLIGHTS,INC_06_26_2020-EX-10.12-COLLABORATION AGREEMENT",True,True
Effective Date,CerenceInc_20191002_8-K_EX-10.4_11827494_EX-10.4_Intellectual Property Agreement,False,False
Audit Rights,"OMINTO,INC_03_29_2004-EX-10-RESELLER AGREEMENT",True,False
No-Solicit Of Employees,"ROCKYMOUNTAINCHOCOLATEFACTORY,INC_12_23_2019-EX-10.2-STRATEGIC ALLIANCE AGREEMENT",True,True
Parties,LECLANCHÉ S.A. - JOINT DEVELOPMENT AND MARKETING AGREEMENT,False,False
Anti-Assignment,HYDRONTECHNOLOGIESINC_03_31_1997-EX-10.47-SPONSORSHIP AGREEMENT,True,False
Parties,ALAMOGORDOFINANCIALCORP_12_16_1999-EX-1-AGENCY AGREEMENT,False,False
Document Name,"XLITECHNOLOGIES,INC_12_02_2015-EX-10.02-STRATEGIC ALLIANCE AGREEMENT",True,False
Affiliate License-Licensor,ENTRUSTINC_07_24_1998-EX-10.5-STRATEGIC ALLIANCE AGREEMENT,True,False
Parties,"Array BioPharma Inc. - LICENSE, DEVELOPMENT AND COMMERCIALIZATION AGREEMENT",True,False
License Grant,ZEBRATECHNOLOGIESCORP_04_16_2014-EX-10.1-INTELLECTUAL PROPERTY AGREEMENT,True,False
Ip Ownership Assignment,UpjohnInc_20200121_10-12G_EX-2.6_11948692_EX-2.6_Manufacturing Agreement_ Supply Agreement,False,False
Volume Restriction,ENERGYXXILTD_05_08_2015-EX-10.13-Transportation AGREEMENT,False,False
License Grant,KINGPHARMACEUTICALSINC_08_09_2006-EX-10.1-PROMOTION AGREEMENT,False,False
Document Name,SPARKLINGSPRINGWATERHOLDINGSLTD_07_03_2002-EX-10.13-SOFTWARE LICENSE AND MAINTENANCE AGREEMENT,False,False
Post-Termination Services,UpjohnInc_20200121_10-12G_EX-2.6_11948692_EX-2.6_Manufacturing Agreement_ Supply Agreement,False,False
Anti-Assignment,KALLOINC_11_03_2011-EX-10.1-STRATEGIC ALLIANCE AGREEMENT,False,False
Parties,"KUBIENT,INC_07_02_2020-EX-10.14-MASTER SERVICES AGREEMENT_Part2",False,False
Competitive Restriction Exception,WPPPLC_04_30_2020-EX-4.28-SERVICE AGREEMENT,False,False
Cap On Liability,DOMINIADVISORTRUST_02_18_2005-EX-99.(H)(2)-SPONSORSHIP AGREEMENT,True,True
Notice Period To Terminate Renewal,PANDIONTHERAPEUTICSHOLDCOLLC_05_22_2020-EX-10.17-CONSULTING AGREEMENT,True,False
Parties,"CORALGOLDRESOURCES,LTD_05_28_2020-EX-4.1-CONSULTING AGREEMENT",False,False
No-Solicit Of Employees,OFGBANCORP_03_28_2007-EX-10.23-OUTSOURCING AGREEMENT,True,True
Parties,VerizonAbsLlc_20200123_8-K_EX-10.4_11952335_EX-10.4_Service Agreement,False,False
Cap On Liability,EhaveInc_20190515_20-F_EX-4.44_11678816_EX-4.44_License Agreement_ Reseller Agreement,True,True
Parties,WPPPLC_04_30_2020-EX-4.28-SERVICE AGREEMENT,True,False
Governing Law,"TRANSPHORM,INC_02_14_2020-EX-10.12(1)-JOINT VENTURE AGREEMENT",True,True
License Grant,HealthcareIntegratedTechnologiesInc_20190812_8-K_EX-10.1_11776966_EX-10.1_Reseller Agreement,False,False
Effective Date,StaarSurgicalCompany_20180801_10-Q_EX-10.37_11289449_EX-10.37_Distributor Agreement,False,False
Post-Termination Services,ALLIANCEBANCORPINCOFPENNSYLVANIA_10_18_2006-EX-1.2-AGENCY AGREEMENT,False,False
License Grant,"Sonos, Inc. - Manufacturing Agreement",True,True
Cap On Liability,ScansourceInc_20190822_10-K_EX-10.38_11793958_EX-10.38_Distributor Agreement1,False,False
Cap On Liability,FUSIONPHARMACEUTICALSINC_06_05_2020-EX-10.17-Supply Agreement - FUSION,True,False
License Grant,SPORTHALEYINC_09_29_1997-EX-10.2-10-ENDORSEMENT AGREEMENT,False,False
Change Of Control,StampscomInc_20001114_10-Q_EX-10.47_2631630_EX-10.47_Co-Branding Agreement,False,False
No-Solicit Of Employees,WPPPLC_04_30_2020-EX-4.28-SERVICE AGREEMENT,False,False
Competitive Restriction Exception,JOINTCORP_09_19_2014-EX-10.15-FRANCHISE AGREEMENT,False,False
Audit Rights,SFGFINANCIALCORP_05_12_2009-EX-10.1-SOFTWARE LICENSE AND MAINTENANCE AGREEMENT,True,False
Agreement Date,SPARKLINGSPRINGWATERHOLDINGSLTD_07_03_2002-EX-10.13-SOFTWARE LICENSE AND MAINTENANCE AGREEMENT,True,False
Minimum Commitment,PaperexchangeComInc_20000322_S-1A_EX-10.4_5202103_EX-10.4_Co-Branding Agreement,False,False
License Grant,"KIROMICBIOPHARMA,INC_05_11_2020-EX-10.23-CONSULTING AGREEMENT",True,True
Non-Disparagement,KALLOINC_11_03_2011-EX-10.1-STRATEGIC ALLIANCE AGREEMENT,True,True
Warranty Duration,LIMEENERGYCO_09_09_1999-EX-10-DISTRIBUTOR AGREEMENT,True,True
Parties,MusclepharmCorp_20170208_10-KA_EX-10.38_9893581_EX-10.38_Co-Branding Agreement,False,False
Minimum Commitment,"BELLICUMPHARMACEUTICALS,INC_05_07_2019-EX-10.1-Supply Agreement",False,False
Insurance,PlayboyEnterprisesInc_20090220_10-QA_EX-10.2_4091580_EX-10.2_Content License Agreement_ Marketing Agreement_ Sales-Purchase Agreement1,True,False
Parties,IbioInc_20200313_8-K_EX-10.1_12052678_EX-10.1_Development Agreement,True,False
Rofr/Rofo/Rofn,"LEGACYTECHNOLOGYHOLDINGS,INC_12_09_2005-EX-10.2-DISTRIBUTOR AGREEMENT",False,False
Insurance,EhaveInc_20190515_20-F_EX-4.44_11678816_EX-4.44_License Agreement_ Reseller Agreement,True,True
Revenue/Profit Sharing,SmartRxSystemsInc_20180914_1-A_EX1A-6 MAT CTRCT_11351705_EX1A-6 MAT CTRCT_Distributor Agreement,False,False
License Grant,ZEBRATECHNOLOGIESCORP_04_16_2014-EX-10.1-INTELLECTUAL PROPERTY AGREEMENT,False,False
Parties,"CARDAX,INC_08_19_2014-EX-10.1-COLLABORATION AGREEMENT",False,False
Ip Ownership Assignment,WARNINGMANAGEMENTSERVICESINC_12_10_1999-EX-10-ENDORSEMENT AGREEMENT,False,False
Parties,ENTRUSTINC_07_24_1998-EX-10.5-STRATEGIC ALLIANCE AGREEMENT,False,False
Minimum Commitment,CybergyHoldingsInc_20140520_10-Q_EX-10.27_8605784_EX-10.27_Affiliate Agreement,True,False
Effective Date,SMITHELECTRICVEHICLESCORP_04_04_2012-EX-10.26-FLEET MAINTENANCE AGREEMENT,False,False
Parties,ALLIANCEBANCORPINCOFPENNSYLVANIA_10_18_2006-EX-1.2-AGENCY AGREEMENT,False,False
Parties,ParatekPharmaceuticalsInc_20170505_10-KA_EX-10.29_10323872_EX-10.29_Outsourcing Agreement,True,False
Minimum Commitment,"OASYSMOBILE,INC_07_05_2001-EX-10.17-OUTSOURCING AGREEMENT",True,False
Non-Disparagement,"ARMSTRONGFLOORING,INC_01_07_2019-EX-10.2-INTELLECTUAL PROPERTY AGREEMENT",False,False
Post-Termination Services,PfHospitalityGroupInc_20150923_10-12G_EX-10.1_9266710_EX-10.1_Franchise Agreement1,False,False
Parties,GpaqAcquisitionHoldingsInc_20200123_S-4A_EX-10.6_11951677_EX-10.6_License Agreement,False,False
Parties,ExactSciencesCorp_20180822_8-K_EX-10.1_11331629_EX-10.1_Promotion Agreement,False,False
Expiration Date,LiquidmetalTechnologiesInc_20200205_8-K_EX-10.1_11968198_EX-10.1_Development Agreement,True,True
Parties,NETZEEINC_11_14_2002-EX-10.3-MAINTENANCE AGREEMENT,True,False
Parties,ENERGYXXILTD_05_08_2015-EX-10.13-Transportation AGREEMENT,True,False
Non-Compete,AIRTECHINTERNATIONALGROUPINC_05_08_2000-EX-10.4-FRANCHISE AGREEMENT,False,False
Notice Period To Terminate Renewal,"ETELOS,INC_03_09_2004-EX-10.8-DISTRIBUTOR AGREEMENT",True,True
Exclusivity,ADAPTIMMUNETHERAPEUTICSPLC_04_06_2017-EX-10.11-STRATEGIC ALLIANCE AGREEMENT,False,False
Revenue/Profit Sharing,LiquidmetalTechnologiesInc_20200205_8-K_EX-10.1_11968198_EX-10.1_Development Agreement,False,False
Parties,BONTONSTORESINC_04_20_2018-EX-99.3-AGENCY AGREEMENT,False,False
Cap On Liability,PaperexchangeComInc_20000322_S-1A_EX-10.4_5202103_EX-10.4_Co-Branding Agreement,True,True
Parties,Freecook_20180605_S-1_EX-10.3_11233807_EX-10.3_Hosting Agreement,True,False
Termination For Convenience,SANDRIDGEENERGYINC_08_06_2009-EX-10.6-OPERATIONS AND MAINTENANCE AGREEMENT,True,True
Post-Termination Services,NmfSlfIInc_20200115_10-12GA_EX-10.5_11946987_EX-10.5_Trademark License Agreement,True,False
Governing Law,CerenceInc_20191002_8-K_EX-10.4_11827494_EX-10.4_Intellectual Property Agreement,True,True
Anti-Assignment,"PHREESIA,INC_05_28_2019-EX-10.18-STRATEGIC ALLIANCE AGREEMENT",False,False
Volume Restriction,PerformanceSportsBrandsInc_20110909_S-1_EX-10.10_7220214_EX-10.10_Endorsement Agreement,False,False
Source Code Escrow,TELKOMSALTD_01_30_2003-EX-10-LICENCE AND MAINTENANCE AGREEMENT,True,True
Liquidated Damages,PareteumCorp_20081001_8-K_EX-99.1_2654808_EX-99.1_Hosting Agreement,True,True
Document Name,"ONEMAINHOLDINGS,INC_02_20_2020-EX-99.D-JOINT FILING AGREEMENT",True,True
Governing Law,MERCATAINC_03_09_2000-EX-10.21-SPONSORSHIP AGREEMENT,False,False
Post-Termination Services,UpjohnInc_20200121_10-12G_EX-2.6_11948692_EX-2.6_Manufacturing Agreement_ Supply Agreement,True,False
Competitive Restriction Exception,ConformisInc_20191101_10-Q_EX-10.6_11861402_EX-10.6_Development Agreement,False,False
Parties,RemarkHoldingsInc_20081114_10-Q_EX-10.24_2895649_EX-10.24_Content License Agreement,False,False
Expiration Date,ENTERTAINMENTGAMINGASIAINC_02_15_2005-EX-10.5-DISTRIBUTOR AGREEMENT,True,True
Revenue/Profit Sharing,ALLIANCEBANCORPINCOFPENNSYLVANIA_10_18_2006-EX-1.2-AGENCY AGREEMENT,False,False
Document Name,IGENEBIOTECHNOLOGYINC_05_13_2003-EX-1-JOINT VENTURE AGREEMENT,False,False
Parties,TRANSMONTAIGNEPARTNERSLLC_03_13_2020-EX-10.9-SERVICES AGREEMENT,True,True
Volume Restriction,LeadersonlineInc_20000427_S-1A_EX-10.8_4991089_EX-10.8_Co-Branding Agreement,False,False
Affiliate License-Licensor,AimmuneTherapeuticsInc_20200205_8-K_EX-10.3_11967170_EX-10.3_Development Agreement,False,False
Parties,PrudentialBancorpInc_20170606_8-K_EX-10.4_10474434_EX-10.4_Endorsement Agreement,True,False
Post-Termination Services,BUFFALOWILDWINGSINC_06_05_1998-EX-10.3-FRANCHISE AGREEMENT,False,False
Agreement Date,PROLONGINTERNATIONALCORP_03_23_1998-EX-10.16-SPONSORSHIP AGREEMENT,True,False
Cap On Liability,LinkPlusCorp_20050802_8-K_EX-10_3240252_EX-10_Affiliate Agreement,True,False
Ip Ownership Assignment,"KIROMICBIOPHARMA,INC_05_11_2020-EX-10.23-CONSULTING AGREEMENT",True,False
Parties,"WHITESMOKE,INC_11_08_2011-EX-10.26-PROMOTION AND DISTRIBUTION AGREEMENT",False,False
Effective Date,KENTUCKYUTILITIESCO_03_25_2003-EX-10.65-TRANSPORTATION AGREEMENT,False,False
Document Name,WORLDWIDESTRATEGIESINC_11_02_2005-EX-10-RESELLER AGREEMENT,False,False
Document Name,DovaPharmaceuticalsInc_20181108_10-Q_EX-10.2_11414857_EX-10.2_Promotion Agreement,False,False
Exclusivity,BONTONSTORESINC_04_20_2018-EX-99.3-AGENCY AGREEMENT,False,False
Post-Termination Services,GridironBionutrientsInc_20171206_8-K_EX-10.1_10972555_EX-10.1_Endorsement Agreement,False,False
Audit Rights,BUFFALOWILDWINGSINC_06_05_1998-EX-10.3-FRANCHISE AGREEMENT,False,False
License Grant,CardlyticsInc_20180112_S-1_EX-10.16_11002987_EX-10.16_Maintenance Agreement1,False,False
License Grant,CORIOINC_07_20_2000-EX-10.5-LICENSE AND HOSTING AGREEMENT,False,False
Parties,ORBSATCORP_08_17_2007-EX-7.3-STRATEGIC ALLIANCE AGREEMENT,False,False
Ip Ownership Assignment,BUFFALOWILDWINGSINC_06_05_1998-EX-10.3-FRANCHISE AGREEMENT,False,False
Renewal Term,"PACIRA PHARMACEUTICALS, INC. - A_R STRATEGIC LICENSING, DISTRIBUTION AND MARKETING AGREEMENT",True,True
Parties,"ADUROBIOTECH,INC_06_02_2020-EX-10.7-CONSULTING AGREEMENT",False,False
Anti-Assignment,CybergyHoldingsInc_20140520_10-Q_EX-10.27_8605784_EX-10.27_Affiliate Agreement,True,False
Parties,"SightLife Surgical, Inc. - STRATEGIC SALES _ MARKETING AGREEMENT",True,False
License Grant,BLUEFLYINC_03_27_2002-EX-10.27-e-business Hosting Agreement,True,True
Rofr/Rofo/Rofn,NEONSYSTEMSINC_03_01_1999-EX-10.5-DISTRIBUTOR AGREEMENT_Amendment,False,False
Revenue/Profit Sharing,AMERICASSHOPPINGMALLINC_12_10_1999-EX-10.2-SITE DEVELOPMENT AND HOSTING AGREEMENT,False,False
Governing Law,BEYONDCOMCORP_08_03_2000-EX-10.2-CO-HOSTING AGREEMENT,True,False
Insurance,REGANHOLDINGCORP_03_31_2008-EX-10-LICENSE AND HOSTING AGREEMENT,True,False
Agreement Date,"OMINTO,INC_03_29_2004-EX-10-RESELLER AGREEMENT",False,False
Covenant Not To Sue,MRSFIELDSORIGINALCOOKIESINC_01_29_1998-EX-10-FRANCHISE AGREEMENT,False,False
Agreement Date,TICKETSCOMINC_06_22_1999-EX-10.22-SPONSORSHIP AGREEMENT,False,False
Volume Restriction,GRANTIERRAENERGYINC_05_07_2012-EX-10.6-TRANSPORTATION CONTRACT,False,False
Audit Rights,RemarkHoldingsInc_20081114_10-Q_EX-10.24_2895649_EX-10.24_Content License Agreement,True,False
Parties,ELANDIAINTERNATIONALINC_04_25_2007-EX-10.21-Outsourcing Agreement,False,False
Expiration Date,EhaveInc_20190515_20-F_EX-4.44_11678816_EX-4.44_License Agreement_ Reseller Agreement,True,False
Post-Termination Services,ChinaRealEstateInformationCorp_20090929_F-1_EX-10.32_4771615_EX-10.32_Content License Agreement,True,True
Document Name,LOGANSROADHOUSEINC_03_27_1998-EX-10.17-SPONSORSHIP AGREEMENT,True,False
Uncapped Liability,INKTOMICORP_06_08_1998-EX-10.14-SOFTWARE HOSTING AGREEMENT,True,False
Minimum Commitment,"INNOVIVA,INC_08_07_2014-EX-10.1-COLLABORATION AGREEMENT",False,False
Post-Termination Services,"MJBIOTECH,INC_12_06_2018-EX-99.01-JOINT VENTURE AGREEMENT",True,False
Revenue/Profit Sharing,LegacyEducationAllianceInc_20200330_10-K_EX-10.18_12090678_EX-10.18_Development Agreement,False,False
Cap On Liability,"Magenta Therapeutics, Inc. - Master Development and Manufacturing Agreement",True,True
Insurance,UpjohnInc_20200121_10-12G_EX-2.6_11948692_EX-2.6_Manufacturing Agreement_ Supply Agreement,True,False
Cap On Liability,ScansourceInc_20190822_10-K_EX-10.38_11793958_EX-10.38_Distributor Agreement1,False,False
Cap On Liability,SANDRIDGEENERGYINC_08_06_2009-EX-10.6-OPERATIONS AND MAINTENANCE AGREEMENT,True,True
Expiration Date,SteelVaultCorp_20081224_10-K_EX-10.16_3074935_EX-10.16_Affiliate Agreement,True,True
Covenant Not To Sue,"VNUE,INC_07_10_2015-EX-10.1-SPONSORSHIP AGREEMENT",True,False
Audit Rights,AtnInternationalInc_20191108_10-Q_EX-10.1_11878541_EX-10.1_Maintenance Agreement,True,True
Renewal Term,FulucaiProductionsLtd_20131223_10-Q_EX-10.9_8368347_EX-10.9_Content License Agreement,True,False
Agreement Date,PrecheckHealthServicesInc_20200320_8-K_EX-99.2_12070169_EX-99.2_Distributor Agreement,True,False
Audit Rights,MANUFACTURERSSERVICESLTD_06_05_2000-EX-10.14-OUTSOURCING AGREEMENT,True,True
Parties,STARTECGLOBALCOMMUNICATIONSCORP_11_16_1998-EX-10.30-CONSTRUCTION AND MAINTENANCE AGREEMENT,False,False
Covenant Not To Sue,NmfSlfIInc_20200115_10-12GA_EX-10.5_11946987_EX-10.5_Trademark License Agreement,False,False
Cap On Liability,WORLDWIDESTRATEGIESINC_11_02_2005-EX-10-RESELLER AGREEMENT,False,False
Rofr/Rofo/Rofn,EdietsComInc_20001030_10QSB_EX-10.4_2606646_EX-10.4_Co-Branding Agreement,False,False
Document Name,STAMPSCOMINC_06_24_1999-EX-10.18-SPONSORSHIP AGREEMENT,False,False
Governing Law,EuromediaHoldingsCorp_20070215_10SB12G_EX-10.B(01)_525118_EX-10.B(01)_Content License Agreement,False,False
Insurance,VirtuosoSurgicalInc_20191227_1-A_EX1A-6 MAT CTRCT_11933379_EX1A-6 MAT CTRCT_License Agreement,True,True
Irrevocable Or Perpetual License,"BERKELEYLIGHTS,INC_06_26_2020-EX-10.12-COLLABORATION AGREEMENT",False,False
Document Name,VnueInc_20150914_8-K_EX-10.1_9259571_EX-10.1_Promotion Agreement,False,False
Parties,IDREAMSKYTECHNOLOGYLTD_07_03_2014-EX-10.39-Cooperation Agreement on Mobile Game Business,False,False
License Grant,NANOPHASETECHNOLOGIESCORP_11_01_2005-EX-99.1-DISTRIBUTOR AGREEMENT,False,False
Audit Rights,EuromediaHoldingsCorp_20070215_10SB12G_EX-10.B(01)_525118_EX-10.B(01)_Content License Agreement,True,True
Post-Termination Services,StampscomInc_20001114_10-Q_EX-10.47_2631630_EX-10.47_Co-Branding Agreement,True,False
Affiliate License-Licensor,"GSITECHNOLOGYINC_11_16_2009-EX-10.2-INTELLECTUAL PROPERTY AGREEMENT between SONY ELECTRONICS INC. and GSI TECHNOLOGY, INC.",True,False
Exclusivity,EtonPharmaceuticalsInc_20191114_10-Q_EX-10.1_11893941_EX-10.1_Development Agreement,False,False
Parties,UnionDentalHoldingsInc_20050204_8-KA_EX-10_3345577_EX-10_Affiliate Agreement,True,True
Change Of Control,ConformisInc_20191101_10-Q_EX-10.6_11861402_EX-10.6_Development Agreement,True,False
Cap On Liability,TICKETSCOMINC_06_22_1999-EX-10.22-SPONSORSHIP AGREEMENT,False,False
Change Of Control,"CORALGOLDRESOURCES,LTD_05_28_2020-EX-4.1-CONSULTING AGREEMENT",True,True
Parties,NETGROCERINC_07_31_1998-EX-10.15-SPONSORSHIP AGREEMENT,False,False
Rofr/Rofo/Rofn,UsioInc_20040428_SB-2_EX-10.11_1723988_EX-10.11_Affiliate Agreement 2,True,True
Rofr/Rofo/Rofn,AimmuneTherapeuticsInc_20200205_8-K_EX-10.3_11967170_EX-10.3_Development Agreement,False,False
Cap On Liability,ReynoldsConsumerProductsInc_20200121_S-1A_EX-10.22_11948918_EX-10.22_Service Agreement,True,True
Parties,QIWI_06_16_2017-EX-99.(D)(2)-COOPERATION AGREEMENT,False,False
Rofr/Rofo/Rofn,MusclepharmCorp_20170208_10-KA_EX-10.38_9893581_EX-10.38_Co-Branding Agreement,False,False
Ip Ownership Assignment,"VIRTUALSCOPICS,INC_11_12_2010-EX-10.1-STRATEGIC ALLIANCE AGREEMENT",True,False
Effective Date,"IPAYMENT,INC_05_14_2007-EX-10.1-SPONSORSHIP AGREEMENT",False,False
Affiliate License-Licensor,UpjohnInc_20200121_10-12G_EX-2.6_11948692_EX-2.6_Manufacturing Agreement_ Supply Agreement,False,False
Covenant Not To Sue,SoupmanInc_20150814_8-K_EX-10.1_9230148_EX-10.1_Franchise Agreement1,True,True
Revenue/Profit Sharing,NakedBrandGroupInc_20150731_POS AM (on S-1)_EX-10.75_9196027_EX-10.75_Endorsement Agreement,False,False
Governing Law,VARIABLESEPARATEACCOUNT_04_30_2014-EX-13.C-UNCONDITIONAL CAPITAL MAINTENANCE AGREEMENT,True,False
Expiration Date,EUROPEANMICROHOLDINGSINC_03_06_1998-EX-10.6-DISTRIBUTOR AGREEMENT,True,False
Parties,HerImports_20161018_8-KA_EX-10.14_9765707_EX-10.14_Maintenance Agreement,False,False
Affiliate License-Licensee,SigaTechnologiesInc_20190603_8-K_EX-10.1_11695818_EX-10.1_Promotion Agreement,True,True
License Grant,TRICITYBANKSHARESCORP_05_15_1998-EX-10-OUTSOURCING AGREEMENT,True,False
Parties,CHAPARRALRESOURCESINC_03_30_2000-EX-10.66-TRANSPORTATION CONTRACT,True,False
Expiration Date,SPHERE3DCORP_06_24_2020-EX-10.12-CONSULTING AGREEMENT,True,True
Parties,HfEnterprisesInc_20191223_S-1_EX-10.22_11931299_EX-10.22_Development Agreement,True,False
Notice Period To Terminate Renewal,NEONSYSTEMSINC_03_01_1999-EX-10.5-DISTRIBUTOR AGREEMENT_New,True,True
Change Of Control,"IPAYMENT,INC_05_14_2007-EX-10.1-SPONSORSHIP AGREEMENT",False,False
